Daily Time Spent on Site,Age,Area Income,Daily Internet Usage,Ad Topic Line,Male,City,Country,Timestamp,Clicked on Ad
68.95,36,61833.9,256.09,Cloned 5thgeneration orchestration,0,Tokyo,Japan,27/03/2020 00:53,0
80.23,29,68441.85,193.77,Monitored national standardization,1,Jakarta,Indonesia,04/04/2020 01:39,0
69.47,26,59785.94,236.5,Organic bottom-line service-desk,0,Delhi,India,13/03/2020 20:35,0
74.15,31,54806.18,245.89,Triple-buffered reciprocal time-frame,1,Mumbai,India,10/01/2020 02:31,0
68.37,36,73889.99,225.58,Robust logistical utilization,0,Manila,Philippines,03/06/2020 03:36,0
59.99,24,59761.56,226.74,Sharable client-driven software,1,Shanghai,China,19/05/2020 14:30,0
88.91,31,53852.85,208.36,Enhanced dedicated support,0,Sao Paulo,Brazil,28/01/2020 20:59,0
66,47,24593.33,131.76,Reactive local challenge,1,Seoul,"Korea, South",07/03/2020 01:40,1
74.53,28,68862,221.51,Configurable coherent function,1,Mexico City,Mexico,18/04/2020 09:33,0
69.88,21,55642.32,183.82,Mandatory homogeneous architecture,1,Guangzhou,China,11/07/2020 01:42,0
47.64,51,45632.51,122.02,Centralized neutral neural-net,0,Beijing,China,16/03/2020 20:19,1
83.07,39,62491.01,230.87,Team-oriented grid-enabled Local Area Network,1,Cairo,Egypt,08/05/2020 08:10,0
69.57,48,51636.92,113.12,Centralized content-based focus group,1,New York,United States,03/06/2020 01:14,1
79.52,24,51739.63,214.23,Synergistic fresh-thinking array,0,Kolkata,India,20/04/2020 21:49,0
42.95,31,30976,143.56,Grass-roots coherent extranet,0,Moscow,Russia,24/03/2020 09:31,1
63.45,24,52182.23,140.64,Persistent demand-driven interface,1,Bangkok,Thailand,09/03/2020 03:41,1
55.39,38,23936.86,129.41,Customizable multi-tasking website,0,Buenos Aires,Argentina,30/01/2020 19:20,1
82.03,41,71511.08,187.53,Intuitive dynamic attitude,0,Shenzhen,China,02/05/2020 07:00,0
54.7,34,31087.54,118.39,Grass-roots solution-oriented conglomeration,1,Dhaka,Bangladesh,13/02/2020 07:53,1
74.58,38,23821.72,135.51,Advanced 24/7 productivity,1,Lagos,Nigeria,27/02/2020 04:43,1
77.22,30,64802.33,224.44,Object-based reciprocal knowledgebase,1,Istanbul,Turkey,05/01/2020 07:52,0
84.59,37,60015.57,226.54,Streamlined non-volatile analyzer,1,Osaka,Japan,18/03/2020 13:22,0
41.49,50,32635.7,164.83,Mandatory disintermediate utilization,0,Karachi,Pakistan,20/05/2020 08:49,1
87.29,38,61628.72,209.93,Future-proofed methodical protocol,1,Bangalore,India,23/03/2020 09:43,0
41.39,41,68962.32,167.22,Exclusive neutral parallelism,0,Tehran,Iran,13/06/2020 17:27,1
78.74,27,64828,204.79,Public-key foreground groupware,1,Kinshasa,Congo (Kinshasa),27/05/2020 15:25,0
48.53,27,38067.08,134.14,Ameliorated client-driven forecast,1,Ho Chi Minh City,Vietnam,08/02/2020 10:46,1
51.95,53,58295.82,129.23,Monitored systematic hierarchy,0,Los Angeles,United States,19/07/2020 08:32,1
70.2,34,32708.94,119.2,Open-architected impactful productivity,0,Rio de Janeiro,Brazil,14/04/2020 05:08,1
76.02,22,46179.97,209.82,Business-focused value-added definition,0,Nanyang,China,27/01/2020 12:38,0
67.64,35,51473.28,267.01,Programmable asymmetric data-warehouse,1,Chennai,India,02/07/2020 20:23,0
86.41,30,45593.93,207.48,Digitized static capability,1,Chengdu,China,01/03/2020 22:13,0
59.05,57,25583.29,169.23,Digitized global capability,1,Lahore,Pakistan,15/07/2020 05:05,1
55.6,24,30227.98,212.58,Multi-layered 4thgeneration knowledge user,0,Paris,France,14/01/2020 14:00,1
57.64,58,45580.92,133.81,Synchronized dedicated service-desk,1,London,United Kingdom,15/03/2020 03:12,1
84.37,30,61389.5,201.58,Synchronized systemic hierarchy,0,Linyi,China,12/04/2020 03:26,0
62.26,55,56770.79,125.45,Profound stable product,1,Tianjin,China,07/04/2020 15:18,1
65.82,41,76435.3,221.94,Reactive demand-driven capacity,0,Shijiazhuang,China,09/02/2020 05:28,0
50.43,45,57425.87,119.32,Persevering needs-based open architecture,1,Baoding,China,07/05/2020 17:11,1
38.93,41,27508.41,162.08,Intuitive exuding service-desk,0,Zhoukou,China,11/03/2020 06:49,1
84.98,28,57691.95,202.61,Innovative user-facing extranet,0,Lima,Peru,27/04/2020 09:27,0
64.24,30,59784.18,252.36,Front-line intermediate database,0,Hyderabad,India,16/04/2020 11:53,0
82.52,33,66572.39,198.11,Persevering exuding system engine,1,Bogota,Colombia,08/05/2020 15:38,0
81.38,31,64929.61,212.3,Balanced dynamic application,0,Weifang,China,08/02/2020 00:23,0
80.47,27,57519.64,204.86,Reduced global support,0,Nagoya,Japan,11/02/2020 13:26,0
37.68,51,53575.48,172.83,Organic leadingedge secured line,1,Wuhan,China,17/02/2020 13:16,1
69.62,21,50983.75,202.25,Business-focused encompassing neural-net,1,Heze,China,26/02/2020 22:46,0
85.4,44,67058.72,198.72,Triple-buffered demand-driven alliance,0,Ganzhou,China,08/06/2020 18:54,0
44.33,37,52723.34,123.72,Visionary maximized process improvement,1,Tongshan,China,08/01/2020 09:32,1
48.01,47,54286.1,119.93,Centralized 24/7 installation,0,Chicago,United States,25/04/2020 11:01,1
73.18,21,61526.25,196.71,Organized static focus group,1,Handan,China,04/04/2020 07:07,0
79.94,28,58526.04,225.29,Visionary reciprocal circuit,0,Luanda,Angola,03/05/2020 21:19,0
33.33,44,53350.11,193.58,Pre-emptive value-added workforce,1,Fuyang,China,17/01/2020 09:31,1
50.33,50,62657.53,133.2,Sharable analyzing alliance,1,Kuala Lumpur,Malaysia,02/03/2020 04:57,1
62.31,49,62722.57,119.3,Team-oriented encompassing portal,0,Jining,China,14/02/2020 07:36,1
80.6,31,67479.62,177.55,Sharable bottom-line solution,0,Dongguan,China,07/04/2020 03:56,0
65.19,35,75254.88,150.61,Cross-group regional website,0,Hanoi,Vietnam,17/02/2020 11:42,1
44.98,50,52336.64,129.31,Organized global model,0,Pune,India,10/04/2020 00:13,1
77.63,30,56113.37,239.22,Upgradable asynchronous circuit,0,Chongqing,China,14/02/2020 17:05,0
41.82,43,24852.9,156.36,Phased transitional instruction set,0,Changchun,China,26/05/2020 22:49,1
85.61,26,47708.42,183.43,Customer-focused empowering ability,0,Zhumadian,China,30/04/2020 08:07,0
85.84,35,64654.66,192.93,Front-line heuristic data-warehouse,1,Ningbo,China,15/06/2020 05:30,0
72.08,30,71228.44,169.5,Stand-alone national attitude,0,Onitsha,Nigeria,09/03/2020 14:45,0
86.06,34,61601.05,178.92,Focused upward-trending core,1,Nanjing,China,31/03/2020 20:55,0
45.96,45,66281.46,141.22,Streamlined cohesive conglomeration,0,Hefei,China,03/06/2020 00:55,1
62.42,27,73910.9,198.5,Upgradable optimizing toolset,1,Ahmadabad,India,10/03/2020 23:36,0
63.89,41,51317.33,105.22,Synchronized user-facing core,0,Hong Kong,Hong Kong,08/01/2020 00:17,1
35.33,30,51510.18,200.22,Organized client-driven alliance,0,Khartoum,Sudan,05/06/2020 22:11,1
75.74,27,61005.87,215.25,Ergonomic multi-state structure,1,Nantong,China,16/01/2020 11:35,0
78.53,34,32536.98,131.72,Synergized multimedia emulation,0,Yancheng,China,22/04/2020 20:10,1
46.13,31,60248.97,139.01,Customer-focused optimizing moderator,0,Foshan,China,01/02/2020 09:00,1
69.01,44,74543.81,222.63,Advanced full-range migration,0,Nanning,China,07/07/2020 13:37,0
55.35,38,75509.61,153.17,De-engineered object-oriented protocol,1,Hengyang,China,08/03/2020 00:37,1
33.21,42,42650.32,167.07,Polarized clear-thinking budgetary management,1,Xi'an,China,10/05/2020 17:39,1
38.46,43,58183.04,145.98,Customizable 6thgeneration knowledge user,1,Shenyang,China,06/04/2020 11:24,1
64.1,22,60465.72,215.93,Seamless object-oriented structure,0,Tangshan,China,01/04/2020 16:21,0
49.81,37,57009.76,120.06,Seamless real-time array,1,Shaoyang,China,05/01/2020 04:18,1
82.73,32,54541.56,238.99,Grass-roots impactful system engine,1,Changsha,China,20/05/2020 21:31,0
56.14,40,32689.04,113.53,Devolved tangible approach,1,Santiago,Chile,03/02/2020 07:59,1
55.13,44,55605.92,111.71,Customizable executive software,0,Zhengzhou,China,17/02/2020 21:55,1
78.11,28,63296.87,209.25,Progressive analyzing attitude,1,Zhanjiang,China,30/01/2020 16:10,0
73.46,28,65653.47,222.75,Innovative executive encoding,1,Riyadh,Saudi Arabia,15/05/2020 14:41,0
56.64,36,61652.53,115.91,Down-sized uniform info-mediaries,0,Cangzhou,China,05/01/2020 17:56,1
68.94,52,30726.26,138.71,Streamlined next generation implementation,0,Dar es Salaam,Tanzania,19/04/2020 07:34,1
70.79,29,74535.94,184.1,Distributed tertiary system engine,0,Maoming,China,15/03/2020 15:49,0
57.76,43,47861.93,105.15,Triple-buffered scalable groupware,0,Huanggang,China,12/06/2020 15:25,1
77.51,35,73600.28,200.55,Total 5thgeneration encoding,0,Xinyang,China,01/07/2020 04:41,0
52.7,35,58543.94,118.6,Integrated human-resource encoding,1,Shangrao,China,08/05/2020 12:12,1
57.7,32,42696.67,109.07,Phased dynamic customer loyalty,0,Luoyang,China,14/03/2020 23:13,1
56.89,36,37334.78,109.29,Open-source coherent policy,1,Bijie,China,25/05/2020 00:19,1
69.9,42,71392.53,138.35,Down-sized modular intranet,0,Yantai,China,13/05/2020 11:51,1
55.79,26,59550.05,149.67,Pre-emptive content-based focus group,0,Quanzhou,China,20/02/2020 20:47,1
70.03,28,64264.25,227.72,Versatile 4thgeneration system engine,1,Hangzhou,China,22/05/2020 20:49,0
50.08,39,64147.86,125.85,Ergonomic full-range time-frame,1,Miami,United States,10/04/2020 02:02,1
43.67,33,25686.34,166.29,Automated directional function,1,Kunming,China,28/02/2020 06:41,1
72.84,28,52968.22,238.63,Progressive empowering alliance,0,Nanchong,China,08/07/2020 21:18,0
45.72,34,22473.08,154.02,Versatile homogeneous capacity,1,Zunyi,China,19/04/2020 15:14,1
39.94,42,64927.19,156.3,Function-based optimizing protocol,0,Lu'an,China,08/01/2020 22:47,1
35.61,48,51868.85,158.22,Up-sized secondary software,0,Yichun,China,28/03/2020 08:46,1
79.71,35,69456.83,211.65,Seamless holistic time-frame,1,Taizhou,China,02/07/2020 14:57,0
41.49,51,31947.65,169.18,Persevering reciprocal firmware,0,Liaocheng,China,03/07/2020 09:22,1
63.6,25,51864.77,235.28,Centralized logistical secured line,1,Qujing,China,01/06/2020 09:27,0
89.91,42,59593.56,194.23,Innovative background conglomeration,0,Xiangyang,China,09/07/2020 14:55,0
68.18,22,48376.14,218.17,Switchable 3rdgeneration hub,1,Surat,India,09/02/2020 22:04,0
66.49,22,56884.74,202.16,Polarized 6thgeneration info-mediaries,0,Baghdad,Iraq,10/06/2020 11:31,0
80.49,38,67186.54,229.12,Balanced heuristic approach,1,Qingdao,China,14/02/2020 03:50,0
72.23,26,46557.92,241.03,Focused 24hour implementation,1,Singapore,Singapore,05/07/2020 17:17,0
42.39,40,66541.05,150.99,De-engineered mobile infrastructure,0,Dallas,United States,28/04/2020 05:50,1
47.53,29,33258.09,135.18,Customer-focused upward-trending contingency,0,Changde,China,03/04/2020 05:10,1
74.02,32,72272.9,210.54,Operative system-worthy protocol,0,Dazhou,China,09/03/2020 14:57,0
66.63,62,60333.38,176.98,User-friendly upward-trending intranet,0,Suzhou,China,16/01/2020 23:37,1
63.24,54,65229.13,235.78,Future-proofed holistic superstructure,1,Philadelphia,United States,03/07/2020 04:33,1
71,21,56067.38,211.87,Extended systemic policy,0,Jieyang,China,14/03/2020 06:46,0
46.13,47,37838.72,123.64,Horizontal hybrid challenge,1,Nairobi,Kenya,09/01/2020 05:44,1
69,32,72683.35,221.21,Virtual composite model,1,Nangandao,China,11/02/2020 04:37,0
76.99,30,56729.78,244.34,Switchable mobile framework,1,Ankara,Turkey,22/06/2020 07:33,0
72.6,57,66815.54,162.95,Focused intangible moderator,0,Tai'an,China,13/07/2020 16:12,1
61.88,43,60223.52,112.19,Balanced actuating moderator,1,Yulin,China,23/07/2020 11:46,1
84.45,49,29727.79,207.18,Customer-focused transitional strategy,0,Dezhou,China,13/07/2020 04:10,1
88.97,47,49269.98,152.49,Advanced web-enabled standardization,0,Houston,United States,11/06/2020 18:32,1
86.19,29,57669.41,210.26,Pre-emptive executive knowledgebase,1,Atlanta,United States,08/05/2020 12:51,0
49.58,26,56791.75,231.94,Self-enabling holistic process improvement,0,Rangoon,Burma,07/04/2020 16:02,0
77.65,29,63274.88,212.79,Horizontal client-driven hierarchy,0,Toronto,Canada,04/02/2020 13:30,0
37.75,36,35466.8,225.24,Polarized dynamic throughput,0,Suihua,China,26/02/2020 19:48,1
62.33,41,68787.09,127.11,Devolved zero administration intranet,0,Washington,United States,21/06/2020 13:15,1
79.57,29,61227.59,230.93,User-friendly asymmetric info-mediaries,0,Qiqihar,China,17/05/2020 04:27,0
80.31,44,56366.88,127.07,Cross-platform regional task-force,0,Jinhua,China,18/04/2020 15:54,1
89.05,45,57868.44,206.98,Polarized bandwidth-monitored moratorium,0,Saint Petersburg,Russia,03/04/2020 10:07,0
70.41,26,66618.21,223.03,Centralized systematic knowledgebase,0,Shantou,China,04/04/2020 21:30,0
67.36,38,73104.47,233.56,Future-proofed grid-enabled implementation,0,Sydney,Australia,06/07/2020 16:00,0
46.98,48,21644.91,175.37,Down-sized well-modulated archive,0,Weinan,China,04/05/2020 09:00,1
41.67,36,53817.02,132.55,Realigned zero tolerance emulation,0,Suqian,China,13/06/2020 18:50,1
51.24,37,76368.31,176.73,Versatile transitional monitoring,0,Guadalajara,Mexico,03/01/2020 16:01,1
75.7,30,67633.44,215.44,Profound zero administration instruction set,0,Suzhou,China,14/01/2020 00:23,0
43.49,49,50335.46,127.83,User-centric intangible task-force,0,Fuzhou,China,12/01/2020 10:07,1
49.89,41,17709.98,160.03,Enhanced system-worthy application,1,Zhaotong,China,16/04/2020 12:09,1
38.37,36,41229.16,140.46,Multi-layered user-facing paradigm,0,Pudong,China,13/05/2020 06:09,1
38.52,39,42581.23,137.28,Customer-focused 24/7 concept,1,Yongzhou,China,27/03/2020 23:59,1
71.89,21,61617.98,172.81,Function-based transitional complexity,1,Belo Horizonte,Brazil,03/02/2020 23:47,0
75.8,39,70575.6,146.19,Progressive clear-thinking open architecture,1,Zhangzhou,China,18/04/2020 11:23,0
83.86,30,64122.36,190.25,Up-sized executive moderator,0,Bozhou,China,05/02/2020 19:06,0
37.51,29,52097.32,163,Re-contextualized optimal service-desk,1,Melbourne,Australia,21/03/2020 18:46,1
55.6,43,65953.76,124.38,Fully-configurable neutral open system,1,Nanchang,China,14/06/2020 11:59,1
83.67,42,60192.72,234.26,Upgradable system-worthy array,1,Xianyang,China,06/02/2020 23:08,0
69.08,41,77460.07,210.6,Ergonomic client-driven application,0,Taizhou,China,12/03/2020 01:39,0
37.47,45,45716.48,141.89,Realigned content-based leverage,1,Surabaya,Indonesia,26/01/2020 03:56,1
56.04,47,65120.86,128.95,Decentralized real-time circuit,1,Abidjan,Côte D’Ivoire,07/02/2020 08:02,1
70.92,41,49995.63,108.16,Polarized modular function,1,Ji'an,China,05/05/2020 07:58,1
49.78,44,71718.51,152.24,Enterprise-wide client-driven contingency,0,Mianyang,China,29/06/2020 02:43,1
68.61,59,61770.34,150.29,Diverse modular interface,0,Shaoxing,China,10/04/2020 19:48,1
58.18,27,69112.84,176.28,Polarized analyzing concept,1,Alexandria,Egypt,10/02/2020 06:37,0
78.54,34,72524.86,172.1,Multi-channeled asynchronous open system,0,Yuncheng,China,28/05/2020 20:41,0
37,48,36782.38,158.22,Function-based context-sensitive secured line,1,Pingdingshan,China,24/03/2020 06:36,1
65.4,31,66699.12,247.31,Adaptive 24hour Graphic Interface,0,Huai'an,China,12/02/2020 22:51,0
79.52,25,64287.78,183.48,Automated coherent flexibility,1,Xinpu,China,10/06/2020 10:11,0
87.98,38,56637.59,222.11,Focused scalable complexity,1,Guilin,China,31/03/2020 10:44,0
44.64,38,55787.58,127.01,Up-sized incremental encryption,0,Huaihua,China,14/02/2020 06:51,1
41.73,28,61142.33,202.18,Sharable dedicated Graphic Interface,1,Jiujiang,China,07/01/2020 19:16,1
80.46,25,61625.87,207.96,Digitized zero administration paradigm,1,Anqing,China,04/02/2020 02:13,0
75.55,34,73234.87,159.24,Managed grid-enabled standardization,0,Boston,United States,09/05/2020 02:58,1
76.32,37,74166.24,195.31,Networked foreground definition,1,Huanglongsi,China,23/06/2020 00:16,0
82.68,34,62669.59,222.77,Re-engineered exuding frame,1,Xiaoganzhan,China,20/06/2020 09:35,0
72.01,33,57756.89,251,Horizontal multi-state interface,0,Changzhou,China,29/02/2020 12:31,0
75.83,23,58019.64,162.44,Diverse stable circuit,0,Barcelona,Spain,17/01/2020 15:10,0
41.28,51,50960.08,140.39,Universal 24/7 implementation,0,Chenzhou,China,29/01/2020 03:54,1
34.66,33,48246.6,194.83,Customer-focused multi-tasking Internet solution,0,Wuxi,China,14/07/2020 12:07,1
66.18,56,28271.84,143.42,Vision-oriented contextually-based extranet,0,Zibo,China,10/01/2020 23:14,1
86.06,32,53767.12,219.72,Extended local methodology,1,Jiaxing,China,28/04/2020 18:34,0
59.59,41,43662.1,104.78,Re-engineered demand-driven capacity,1,Dalian,China,06/07/2020 18:36,1
86.69,32,62238.58,198.56,Customer-focused attitude-oriented instruction set,0,Harbin,China,27/05/2020 06:19,0
43.77,54,49030.03,138.55,Synergized hybrid time-frame,1,Yangzhou,China,25/01/2020 07:39,1
71.84,47,76003.47,199.79,Advanced exuding conglomeration,1,Yibin,China,08/05/2020 22:47,0
80.23,31,68094.85,196.23,Secured clear-thinking middleware,0,Jiangmen,China,19/03/2020 14:23,0
74.41,24,64395.85,163.05,Right-sized value-added initiative,0,Johannesburg,South Africa,23/07/2020 04:37,0
63.36,47,70053.27,137.43,Centralized tertiary pricing structure,0,Meizhou,China,23/06/2020 01:22,1
71.74,33,72423.97,227.56,Multi-channeled reciprocal artificial intelligence,0,Chifeng,China,19/07/2020 18:06,0
60.72,43,42995.8,105.69,Synergized context-sensitive database,0,Casablanca,Morocco,28/02/2020 18:52,1
72.04,24,60309.58,199.43,Realigned systematic function,0,Guiyang,China,10/02/2020 06:52,0
44.57,29,38349.78,133.17,Adaptive context-sensitive application,1,Langfang,China,27/03/2020 09:11,1
85.86,36,63115.34,208.23,Networked high-level structure,0,Zhangjiakou,China,23/05/2020 02:15,0
39.85,37,31343.39,145.96,Profit-focused dedicated utilization,0,Izmir,Turkey,03/01/2020 03:22,1
84.53,25,40763.13,168.34,Stand-alone tangible moderator,0,Linfen,China,04/01/2020 21:48,1
62.95,62,36752.24,157.04,Polarized tangible collaboration,0,Wenzhou,China,24/05/2020 13:30,1
67.58,39,65044.59,255.61,Focused high-level conglomeration,1,Monterrey,Mexico,01/02/2020 19:42,0
85.56,31,53673.08,210.46,Advanced modular Local Area Network,0,Luzhou,China,05/06/2020 13:16,0
46.88,52,43444.86,136.64,Virtual scalable secured line,0,Jiangguanchi,China,04/02/2020 08:53,1
46.31,57,44248.52,153.98,Front-line fault-tolerant intranet,1,Neijiang,China,24/03/2020 13:37,1
77.95,31,62572.88,233.65,Inverse asymmetric instruction set,1,Phoenix,United States,02/06/2020 21:02,0
84.73,30,39840.55,153.76,Synchronized leadingedge help-desk,0,Yanjiang,China,21/02/2020 07:42,1
39.86,35,32593.59,145.85,Total 5thgeneration standardization,0,Yiyang,China,26/06/2020 17:16,1
50.08,29,41629.86,123.91,Sharable grid-enabled matrix,0,Zhaoqing,China,03/01/2020 05:34,1
60.23,36,43313.73,106.86,Balanced asynchronous hierarchy,0,Hengshui,China,08/03/2020 18:00,1
60.7,49,42993.48,110.57,Monitored object-oriented Graphic Interface,1,Guigang,China,19/06/2020 03:19,1
43.67,52,46004.31,143.79,Cloned analyzing artificial intelligence,1,Xiaoxita,China,21/07/2020 21:16,1
77.2,35,49325.48,254.05,Persistent homogeneous framework,1,Xiamen,China,12/02/2020 20:36,0
71.86,33,51633.34,116.53,Face-to-face even-keeled website,0,Chuzhou,China,17/05/2020 06:14,1
44.78,45,63363.04,137.24,Extended context-sensitive monitoring,1,Fuzhou,China,09/07/2020 11:04,1
78.57,36,64045.93,239.32,Exclusive client-driven model,1,Amman,Jordan,27/03/2020 02:35,0
73.41,33,73049.3,201.26,Profound executive flexibility,1,Jeddah,Saudi Arabia,16/01/2020 08:01,0
77.05,27,66624.6,191.14,Reduced bi-directional strategy,0,Sialkot City,Pakistan,21/01/2020 23:48,0
66.4,42,77567.85,214.42,Digitized heuristic solution,0,Huizhou,China,05/06/2020 00:29,0
69.35,29,53431.35,252.77,Seamless 4thgeneration contingency,1,Qingyuan,China,13/02/2020 15:37,0
35.65,39,31265.75,172.58,Seamless intangible secured line,1,Zhuzhou,China,10/05/2020 07:22,1
70.04,32,74780.74,183.85,Intuitive radical forecast,1,Wuhu,China,27/03/2020 03:59,0
69.78,29,70410.11,218.79,Multi-layered non-volatile Graphical User Interface,0,Hechi,China,24/05/2020 18:35,0
58.22,30,37345.24,120.9,User-friendly client-server instruction set,0,Seattle,United States,11/02/2020 02:40,1
76.9,26,66107.84,212.67,Synchronized multimedia model,0,Loudi,China,22/04/2020 08:31,0
84.08,30,62336.39,187.36,Face-to-face intermediate approach,1,Binzhou,China,13/01/2020 02:58,0
59.51,58,39132.64,140.83,Assimilated fault-tolerant hub,0,Liuzhou,China,16/06/2020 02:01,1
40.15,39,38745.29,134.88,Exclusive disintermediate task-force,1,Yokohama,Japan,27/06/2020 18:37,1
76.81,29,65172.22,217.85,Managed zero tolerance concept,1,Baojishi,China,03/07/2020 12:57,0
41.89,36,68519.96,163.38,Compatible systemic function,0,Guang'an,China,03/02/2020 04:21,1
76.87,27,54774.77,235.35,Configurable fault-tolerant monitoring,1,Hanzhong,China,29/05/2020 21:17,0
67.28,43,76246.96,155.8,Future-proofed coherent hardware,1,Kabul,Afghanistan,03/04/2020 21:13,1
81.98,41,65461.92,229.22,Ameliorated upward-trending definition,0,Zaozhuang,China,15/04/2020 11:51,0
66.01,25,34127.21,151.95,Front-line tangible alliance,0,Berlin,Germany,21/06/2020 03:14,1
61.57,55,35253.98,125.94,Progressive 24hour forecast,1,Anshan,China,14/03/2020 14:13,1
53.3,32,44893.71,111.94,Self-enabling optimal initiative,0,Deyang,China,06/05/2020 21:07,1
34.87,41,59621.02,200.23,Configurable logistical Graphical User Interface,0,Lanzhou,China,12/06/2020 17:52,1
43.6,39,20856.54,170.49,Virtual bandwidth-monitored initiative,0,Chengde,China,11/01/2020 07:36,1
77.88,38,55353.41,254.57,Multi-tiered human-resource structure,0,San Francisco,United States,02/07/2020 00:24,0
75.83,27,67516.07,200.59,Managed upward-trending instruction set,0,Puyang,China,04/03/2020 10:13,0
49.95,38,68737.75,136.59,Cloned object-oriented benchmark,0,Suining,China,24/03/2020 09:12,1
60.94,42,76893.84,154.97,Fundamental fault-tolerant neural-net,0,Jiaozuo,China,14/02/2020 07:30,1
89.15,42,59886.58,171.07,Phased zero administration success,0,Bengbu,China,25/04/2020 07:30,0
78.7,32,53441.69,133.99,Compatible intangible customer loyalty,0,Montreal,Canada,10/02/2020 19:20,1
57.35,28,41356.31,119.84,Distributed 3rdgeneration definition,0,Detroit,United States,23/04/2020 14:34,1
34.86,37,49942.66,154.75,Pre-emptive cohesive budgetary management,0,Baicheng,China,18/06/2020 17:56,1
70.68,32,74430.08,199.08,Configurable multi-state utilization,0,Busan,"Korea, South",17/07/2020 01:58,0
76.06,22,58633.63,201.04,Diverse multi-tasking parallelism,0,Algiers,Algeria,27/04/2020 04:28,0
66.67,32,72707.87,228.03,Horizontal content-based synergy,1,Qincheng,China,21/04/2020 20:29,0
46.77,31,31092.93,136.4,Multi-tiered maximized archive,1,Taiyuan,China,23/03/2020 06:00,1
62.42,40,74445.18,143.94,Diverse executive groupware,0,Lucknow,India,19/07/2020 07:59,1
78.32,29,49309.14,239.52,Synergized cohesive array,0,Chaoyang,China,26/06/2020 11:52,1
37.32,51,56735.14,199.25,Versatile dedicated software,1,Hechi,China,30/03/2020 23:40,1
40.42,44,40183.75,133.9,Stand-alone reciprocal synergy,1,Leshan,China,16/03/2020 07:59,1
76.77,37,58348.41,123.51,Universal even-keeled analyzer,0,Yulinshi,China,04/05/2020 00:01,1
65.65,32,72209.99,158.05,Up-sized tertiary contingency,0,Siping,China,02/07/2020 21:22,0
74.32,32,62060.11,128.17,Monitored real-time superstructure,0,Madrid,Spain,23/05/2020 21:14,1
73.27,32,67113.46,234.75,Streamlined analyzing initiative,1,Jinan,China,29/01/2020 20:16,0
80.03,45,24030.06,150.84,Automated static concept,0,Shiyan,China,23/07/2020 14:47,1
53.68,45,56180.93,115.26,Operative stable moderator,1,Changzhi,China,16/02/2020 09:11,1
85.84,33,62204.93,192.85,Up-sized 6thgeneration moratorium,1,San Diego,United States,09/06/2020 21:43,0
85.03,30,60372.64,204.52,Expanded clear-thinking core,0,Faisalabad,Pakistan,19/06/2020 09:24,0
70.44,26,65280.16,178.75,Polarized attitude-oriented superstructure,1,Santa Cruz,Bolivia,06/06/2020 21:26,0
81.22,55,34309.24,223.09,Networked coherent interface,1,Bazhou,China,07/01/2020 13:25,0
39.96,47,59610.81,146.13,Enhanced homogeneous moderator,1,Zhongshan,China,15/04/2020 06:08,1
57.05,43,50278.89,269.96,Seamless full-range website,1,Zhenjiang,China,09/01/2020 03:45,1
42.44,58,43450.11,168.27,Profit-focused attitude-oriented task-force,0,Urumqi,China,10/02/2020 15:23,1
62.2,23,25408.21,161.16,Cross-platform multimedia algorithm,0,Tongliao,China,24/04/2020 13:42,1
76.7,38,71136.49,222.25,Open-source coherent monitoring,0,Heyuan,China,12/06/2020 05:31,0
61.22,43,63883.81,119.03,Streamlined logistical secured line,1,Tongren,China,05/01/2020 09:42,1
84.54,35,64902.47,204.02,Synchronized stable complexity,1,Qinzhou,China,02/03/2020 10:07,0
46.08,32,66784.81,164.63,Synergistic value-added extranet,1,Jaipur,India,21/07/2020 10:54,1
56.7,49,62784.85,123.13,Progressive non-volatile neural-net,0,Xinzhou,China,09/01/2020 04:53,1
81.03,30,63727.5,201.15,Persevering tertiary capability,0,Addis Ababa,Ethiopia,06/01/2020 13:20,0
80.91,34,61608.23,231.42,Enterprise-wide bi-directional secured line,0,Giza,Egypt,31/01/2020 04:10,0
40.06,37,56782.18,138.68,Organized contextually-based customer loyalty,1,Meishan,China,11/06/2020 08:38,1
83.47,38,64447.77,226.11,Total directional approach,0,Brasilia,Brazil,15/05/2020 20:48,0
73.84,33,42042.95,121.05,Programmable uniform productivity,0,Mashhad,Iran,18/06/2020 17:23,1
74.65,30,67669.06,212.56,Robust transitional ability,0,Jinzhou,China,17/03/2020 05:00,0
60.25,36,54875.95,109.77,De-engineered fault-tolerant database,0,Tieling,China,29/06/2020 13:35,1
59.21,37,73347.67,144.62,Managed disintermediate matrices,1,Shaoguan,China,02/02/2020 08:55,1
43.02,42,50199.77,125.22,Configurable bottom-line application,0,Shanwei,China,13/04/2020 05:42,1
84.04,36,50723.67,244.55,Self-enabling didactic pricing structure,0,Minneapolis,United States,20/07/2020 09:27,0
70.66,41,63450.96,120.95,Versatile scalable encryption,1,Kyiv,Ukraine,26/02/2020 04:57,1
70.58,25,56694.12,136.94,Proactive next generation knowledge user,0,Sanaa,Yemen,26/02/2020 09:18,1
72.44,36,70547.16,230.14,Customizable tangible hierarchy,0,Quezon City,Philippines,15/04/2020 14:45,0
40.17,24,47391.95,171.31,Visionary asymmetric encryption,1,Dingxi,China,01/02/2020 14:37,1
79.15,25,62312.23,203.23,Intuitive explicit conglomeration,0,Salvador,Brazil,20/01/2020 19:09,0
44.49,55,63100.13,168,Business-focused real-time toolset,1,Incheon,"Korea, South",23/04/2020 06:28,1
73.04,39,73687.5,221.79,Organic contextually-based focus group,1,Bursa,Turkey,19/06/2020 22:26,0
76.28,35,52686.47,254.34,Right-sized asynchronous website,0,Ningde,China,15/02/2020 07:55,0
68.88,36,78119.5,179.58,Advanced 5thgeneration capability,0,Tampa,United States,09/02/2020 19:37,0
73.1,30,57014.84,242.37,Universal asymmetric archive,0,Daqing,China,25/01/2020 07:52,0
47.66,30,27086.4,156.54,Devolved responsive structure,0,Birmingham,United Kingdom,18/07/2020 11:33,1
87.3,36,58337.18,216.87,Triple-buffered regional toolset,0,Putian,China,09/01/2020 07:28,0
89.34,33,50216.01,177.78,Object-based executive productivity,1,Huzhou,China,21/03/2020 21:15,0
81.37,24,53049.44,156.48,Business-focused responsive website,1,Wuzhou,China,15/02/2020 12:25,0
81.67,29,62927.96,196.76,Visionary analyzing structure,1,Denver,United States,04/03/2020 08:48,0
46.37,51,32847.53,144.27,De-engineered solution-oriented open architecture,0,Rome,Italy,05/01/2020 00:02,1
54.88,22,32006.82,148.61,Customizable modular Internet solution,0,La Paz,Bolivia,15/05/2020 01:03,1
40.67,33,48913.07,133.18,Stand-alone encompassing throughput,0,Pyongyang,"Korea, North",05/05/2020 09:28,1
71.76,33,69285.69,237.39,Customizable zero-defect matrix,0,Kano,Nigeria,26/05/2020 13:18,0
47.51,51,53700.57,130.41,Managed well-modulated collaboration,1,Taichung,Taiwan,21/05/2020 01:36,1
75.15,24,52011,212.87,Universal global intranet,1,Omdurman,Sudan,04/05/2020 12:06,0
56.01,28,46339.25,127.26,Re-engineered real-time success,0,Zigong,China,05/07/2020 18:59,1
82.87,36,67938.77,213.36,Front-line fresh-thinking open system,0,Qinhuangdao,China,28/06/2020 20:13,0
45.05,41,66348.95,141.36,Digitized contextually-based product,0,Mudanjiang,China,05/05/2020 11:09,1
60.53,24,66873.9,167.22,Organic interactive support,0,Huludao,China,25/03/2020 15:17,1
50.52,33,72270.88,171.62,Function-based stable alliance,0,Kaohsiung,Taiwan,23/01/2020 15:02,1
84.71,32,61610.05,210.23,Reactive responsive emulation,0,Xiangtan,China,29/05/2020 07:29,0
55.2,38,76560.59,159.46,Exclusive zero tolerance alliance,1,Guayaquil,Ecuador,30/05/2020 07:36,1
81.61,35,62667.51,228.76,Enterprise-wide local matrices,0,Rizhao,China,17/04/2020 15:46,0
71.55,37,75687.46,163.99,Inverse next generation moratorium,1,Manchester,United Kingdom,20/07/2020 23:08,0
82.4,38,66744.65,218.97,Implemented bifurcated workforce,1,Cawnpore,India,29/06/2020 03:07,0
73.95,36,67714.82,238.58,Persevering even-keeled help-desk,0,Baotou,China,10/04/2020 14:48,0
72.07,32,69710.51,226.45,Grass-roots eco-centric instruction set,0,Taipei,Taiwan,16/04/2020 16:38,0
80.39,33,66269.49,214.74,Fully-configurable incremental Graphical User Interface,0,Nanping,China,03/05/2020 08:21,0
65.8,27,60843.32,231.49,Expanded radical software,1,Longyan,China,18/03/2020 16:04,0
69.97,29,55041.6,250,Mandatory 3rdgeneration moderator,0,Ibadan,Nigeria,22/05/2020 00:01,0
52.62,50,73863.25,176.52,Enterprise-wide foreground emulation,0,Hohhot,China,01/02/2020 20:30,1
39.25,40,62378.05,152.36,Customer-focused incremental system engine,0,Chaozhou,China,23/01/2020 17:39,1
77.56,39,63336.85,130.83,Right-sized multi-tasking solution,1,Antananarivo,Madagascar,19/05/2020 03:52,1
33.52,45,42191.61,165.56,Vision-oriented optimizing middleware,0,Longba,China,09/05/2020 21:54,1
79.81,22,56194.56,178.85,Proactive context-sensitive project,1,Weihai,China,31/05/2020 11:44,1
84.79,35,61771.9,214.53,Managed eco-centric encoding,0,Chattogram,Bangladesh,30/03/2020 19:09,0
82.7,34,61383.79,231.07,Visionary multi-tasking alliance,0,Santo Domingo,Dominican Republic,09/01/2020 15:49,0
84.88,33,63924.82,186.48,Ameliorated tangible hierarchy,0,Xuanzhou,China,18/04/2020 03:41,0
54.92,56,23975.35,161.16,Extended interactive model,0,Sanming,China,13/06/2020 13:59,1
76.56,36,70179.11,221.53,Universal bi-directional extranet,1,Brooklyn,United States,23/04/2020 08:15,0
69.74,48,66524.8,243.37,Enhanced maximized access,0,Medellin,Colombia,27/03/2020 16:41,0
75.55,21,41851.38,169.4,Upgradable even-keeled challenge,0,Brisbane,Australia,19/02/2020 07:29,1
72.19,31,61275.18,250.35,Synchronized national infrastructure,1,Baoshan,China,19/05/2020 11:16,0
84.29,42,60638.38,232.54,Re-contextualized systemic time-frame,0,Dubai,United Arab Emirates,27/01/2020 20:47,0
73.89,39,47160.53,110.68,Horizontal national architecture,0,Luohe,China,20/04/2020 00:41,1
75.84,19,48537.18,186.98,Reactive bi-directional workforce,0,Qinbaling,China,07/02/2020 07:41,0
73.38,23,53058.91,236.19,Horizontal transitional challenge,1,Mirzapur,India,21/04/2020 09:30,0
80.72,31,68614.98,186.37,Re-engineered neutral success,0,Guangyuan,China,19/04/2020 05:15,0
62.06,42,44174.25,105,Adaptive contextually-based methodology,0,Cali,Colombia,12/04/2020 14:01,1
51.5,34,67050.16,135.31,Configurable dynamic adapter,0,Daegu,"Korea, South",15/03/2020 11:25,1
90.97,37,54520.14,180.77,Multi-lateral empowering throughput,0,Fortaleza,Brazil,16/02/2020 18:21,0
86.78,30,54952.42,170.13,Fundamental zero tolerance solution,1,Guatemala City,Guatemala,18/02/2020 23:08,0
66.18,37,69476.42,243.61,Proactive asymmetric definition,0,Yaounde,Cameroon,25/03/2020 08:40,0
84.33,42,54989.93,240.95,Pre-emptive zero tolerance Local Area Network,0,Douala,Cameroon,16/03/2020 00:28,0
36.87,38,29398.61,195.91,Self-enabling incremental collaboration,0,Jilin,China,28/01/2020 11:50,1
34.78,49,42861.42,208.21,Exclusive even-keeled moratorium,1,Lianshan,China,24/03/2020 02:01,1
76.84,33,65883.39,231.59,Reduced incremental productivity,0,Lincang,China,03/03/2020 22:31,0
67.05,23,65421.39,220.92,Realigned scalable standardization,0,Antalya,Turkey,26/02/2020 09:54,0
41.47,32,60953.93,219.79,Secured scalable Graphical User Interface,0,Tashkent,Uzbekistan,06/07/2020 15:56,1
80.71,25,58476.57,200.58,Team-oriented context-sensitive installation,0,Huangshi,China,24/06/2020 05:50,0
80.09,33,66636.84,214.08,Pre-emptive systematic budgetary management,0,Bandung,Indonesia,23/05/2020 21:00,0
56.3,48,67430.96,135.24,Fully-configurable high-level implementation,1,Nagpur,India,03/02/2020 19:12,1
79.36,36,57260.41,245.78,Profound maximized workforce,1,Dandong,China,28/04/2020 22:54,0
86.38,41,66359.32,188.27,Cross-platform 4thgeneration focus group,1,Huainan,China,19/03/2020 14:57,0
38.94,40,57587,142.67,Optional mission-critical functionalities,1,Shangzhou,China,15/07/2020 09:08,1
87.26,36,63060.55,184.03,Multi-layered tangible portal,0,Bekasi,Indonesia,12/05/2020 04:35,0
75.32,26,59998.5,233.6,Reduced mobile structure,1,Ghaziabad,India,01/01/2020 21:58,0
74.38,38,74024.61,220.05,Enhanced zero tolerance Graphic Interface,1,Tijuana,Mexico,13/03/2020 13:50,0
65.9,21,60550.66,211.39,De-engineered tertiary secured line,0,Jiamusi,China,16/07/2020 14:13,0
36.31,47,57983.3,168.92,Reverse-engineered well-modulated capability,0,Yangjiang,China,18/04/2020 00:49,1
72.23,49,52736.33,115.35,Integrated coherent pricing structure,0,Accra,Ghana,17/07/2020 01:13,1
88.12,37,46653.75,230.91,Realigned next generation projection,0,Yuxi,China,17/02/2020 07:05,0
83.97,28,56986.73,205.5,Reactive needs-based instruction set,1,Fushun,China,16/06/2020 02:33,0
61.09,24,55336.18,131.68,User-friendly well-modulated leverage,1,Anshun,China,09/04/2020 16:31,1
65.77,19,42162.9,218.61,Function-based fault-tolerant model,1,Vancouver,Canada,18/03/2020 17:35,0
81.58,24,39699.13,199.39,Decentralized needs-based analyzer,0,Tangerang,Indonesia,11/05/2020 22:02,0
37.87,52,56394.82,188.56,Phased analyzing emulation,1,Konya,Turkey,25/05/2020 20:10,1
76.2,39,75044.35,178.51,Multi-layered fresh-thinking process improvement,0,Queens,United States,29/02/2020 19:26,0
60.91,18,53309.61,184.94,Upgradable directional system engine,0,Yingkou,China,09/06/2020 14:24,1
74.49,28,58996.12,237.34,Persevering eco-centric flexibility,0,Adana,Turkey,30/01/2020 16:15,0
73.71,22,56605.12,211.38,Inverse local hub,1,Medan,Indonesia,15/02/2020 05:35,0
78.19,30,62475.99,228.81,Triple-buffered needs-based Local Area Network,0,Sanmenxia,China,31/01/2020 06:14,0
79.54,42,70492.6,217.68,Centralized multi-state hierarchy,1,Indore,India,05/01/2020 16:34,0
74.87,54,43698.53,126.97,Public-key non-volatile implementation,0,Ma'anshan,China,31/05/2020 02:17,1
87.09,38,57737.51,221.98,Synergized coherent interface,1,Pingliang,China,21/04/2020 16:10,0
37.45,48,31281.01,167.86,Horizontal high-level concept,0,Quzhou,China,10/04/2020 03:30,1
49.84,39,45800.48,111.59,Reduced multimedia project,0,Baku,Azerbaijan,09/02/2020 07:21,1
51.38,57,42362.49,158.56,Object-based modular functionalities,0,Gaoping,China,17/06/2020 17:11,1
83.4,35,66691.23,207.87,Polarized multimedia system engine,0,Huaibei,China,22/05/2020 21:54,0
38.91,35,56369.74,150.8,Versatile reciprocal structure,1,Xining,China,13/07/2020 07:41,1
62.14,39,59397.89,110.93,Upgradable multi-tasking initiative,1,Yan'an,China,23/01/2020 18:59,1
79.72,28,66025.11,193.8,Configurable tertiary budgetary management,1,Havana,Cuba,20/05/2020 12:17,0
73.3,35,68211.35,135.72,Adaptive asynchronous attitude,1,Phnom Penh,Cambodia,30/01/2020 04:38,1
69.11,44,73608.99,231.48,Face-to-face mission-critical definition,1,Fukuoka,Japan,21/04/2020 12:34,0
71.9,55,61228.96,140.15,Inverse zero tolerance customer loyalty,1,Mogadishu,Somalia,22/04/2020 20:32,1
72.45,28,72325.91,195.36,Centralized 24hour synergy,1,Jincheng,China,11/01/2020 06:02,0
77.07,42,44559.43,261.02,Face-to-face analyzing encryption,0,Lishui,China,01/03/2020 10:01,0
74.62,34,73207.15,217.79,Self-enabling even-keeled methodology,0,Qingyang,China,04/04/2020 08:19,0
82.07,23,46722.07,205.38,Function-based optimizing extranet,1,Riverside,United States,20/06/2020 06:30,0
58.6,48,45400.5,113.7,Organic asynchronous hierarchy,0,Baltimore,United States,28/01/2020 07:10,1
36.08,47,41417.27,151.47,Automated client-driven orchestration,1,Haiphong,Vietnam,03/07/2020 04:11,1
79.44,25,60845.55,206.79,Public-key zero-defect analyzer,0,Las Vegas,United States,15/05/2020 13:18,0
41.73,48,60812.77,144.71,Proactive client-server productivity,0,Laibin,China,08/04/2020 22:48,1
73.19,23,64267.88,203.74,Cloned incremental matrices,1,Rawalpindi,Pakistan,19/01/2020 12:18,0
77.6,23,58151.87,197.33,Open-architected system-worthy task-force,1,Kumasi,Ghana,26/05/2020 15:40,0
89,36,52079.18,222.26,Devolved regional moderator,1,Portland,United States,26/01/2020 15:56,0
69.2,44,26023.99,123.8,Balanced value-added database,0,Vadodara,India,17/06/2020 09:58,1
67.56,31,62318.38,125.45,Seamless composite budgetary management,0,Perth,Australia,25/04/2020 21:15,1
81.11,40,56216.57,248.19,Total cohesive moratorium,1,Puning,China,13/07/2020 11:41,0
80.22,29,61806.31,224.58,Integrated motivating neural-net,0,San Antonio,United States,05/07/2020 15:14,0
43.63,41,51662.24,123.25,Exclusive zero tolerance frame,1,Haikou,China,15/03/2020 14:06,1
77.66,28,67080.94,168.15,Operative scalable emulation,0,Vishakhapatnam,India,19/06/2020 22:08,0
74.63,25,51975.41,235.99,Enhanced asymmetric installation,1,Gaziantep,Turkey,05/07/2020 20:16,0
49.67,29,28019.09,153.69,Face-to-face reciprocal methodology,0,Minsk,Belarus,09/05/2020 08:44,1
80.59,38,67744.56,224.23,Robust responsive collaboration,0,St. Louis,United States,21/07/2020 23:14,0
83.49,34,66574,190.75,Polarized logistical hub,1,Bamako,Mali,03/06/2020 17:32,0
44.46,42,30487.48,132.66,Intuitive zero-defect framework,1,Quito,Ecuador,15/01/2020 19:40,1
68.1,39,74903.41,227.73,Reactive composite project,1,Pingxiang,China,05/02/2020 16:50,0
63.88,39,19991.72,136.85,Upgradable even-keeled hardware,0,Chongzuo,China,29/02/2020 23:56,1
78.83,38,66050.63,234.64,Future-proofed responsive matrix,1,Sanliurfa,Turkey,08/05/2020 12:08,0
79.97,42,70449.04,216,Programmable empowering middleware,0,Kananga,Congo (Kinshasa),13/07/2020 01:48,0
80.51,30,64008.55,200.28,Robust dedicated system engine,1,Peshawar,Pakistan,08/01/2020 02:34,0
62.26,28,70203.74,202.77,Public-key mission-critical core,0,Sapporo,Japan,08/06/2020 12:25,0
66.99,49,27262.51,124.44,Operative actuating installation,1,Jixi,China,15/06/2020 11:56,1
71.05,19,49544.41,204.22,Self-enabling asynchronous knowledge user,1,Caracas,Venezuela,13/06/2020 22:41,0
42.05,51,28357.27,174.55,Configurable 24/7 hub,1,Fuxin,China,20/06/2020 14:20,1
50.52,29,66929.03,219.69,Versatile responsive knowledge user,0,Leeds,United Kingdom,03/04/2020 06:17,1
76.24,42,75524.78,198.32,Managed impactful definition,1,Sacramento,United States,31/05/2020 23:42,0
77.29,27,66265.34,201.24,Grass-roots 4thgeneration forecast,1,Blantyre,Malawi,15/02/2020 03:43,0
35.98,47,55993.68,165.52,Focused 3rdgeneration pricing structure,1,Tainan,Taiwan,10/03/2020 23:26,1
84.95,36,56379.3,230.36,Mandatory dedicated data-warehouse,0,Bucharest,Romania,26/02/2020 17:01,0
39.34,43,31215.88,148.93,Proactive radical support,0,Wuwei,China,17/04/2020 21:39,1
87.23,28,51015.11,202.12,Re-engineered responsive definition,0,Bhopal,India,26/03/2020 19:54,0
57.24,54,46473.14,117.35,Profound optimizing utilization,1,Curitiba,Brazil,29/06/2020 21:39,1
81.58,39,55479.62,248.16,Cloned explicit middleware,0,Xiping,China,27/01/2020 17:55,0
56.34,52,68713.7,139.02,Multi-channeled mission-critical success,1,Asuncion,Paraguay,17/03/2020 23:39,1
48.73,25,34191.23,142.04,Versatile content-based protocol,0,Saidu Sharif,Pakistan,09/07/2020 16:23,1
51.68,50,51067.54,258.62,Seamless cohesive conglomeration,0,Vienna,Austria,28/06/2020 12:51,1
35.34,43,46693.76,152.86,De-engineered actuating hierarchy,0,Aleppo,Syria,18/06/2020 16:32,1
48.09,31,19345.36,180.42,Balanced motivating help-desk,0,Hamburg,Germany,28/05/2020 12:38,1
78.68,31,66225.72,208.05,Inverse high-level capability,0,Meru,Kenya,16/01/2020 16:40,0
68.82,18,38609.2,205.64,Cross-platform client-server hierarchy,1,Brazzaville,Congo (Brazzaville),11/07/2020 15:45,0
56.99,42,37713.23,108.15,Sharable optimal capacity,0,Orlando,United States,16/07/2020 23:08,1
86.63,37,63764.28,209.64,Face-to-face multimedia success,1,Mersin,Turkey,06/04/2020 21:20,0
41.18,44,41866.55,129.25,Enterprise-wide incremental Internet solution,1,Almaty,Kazakhstan,05/07/2020 00:54,1
71.03,31,57846.68,120.85,Advanced systemic productivity,0,Barranquilla,Colombia,17/02/2020 23:47,1
72.92,31,69428.73,217.1,Customizable mission-critical adapter,1,Kyoto,Japan,15/03/2020 17:33,0
77.14,22,60283.98,184.88,Horizontal heuristic synergy,1,Manaus,Brazil,21/01/2020 18:51,0
60.7,41,79332.33,192.6,Multi-tiered multi-state moderator,1,Liaoyang,China,06/06/2020 22:41,0
34.3,43,53167.68,160.74,Re-contextualized reciprocal interface,1,Baiyin,China,16/05/2020 14:50,1
83.71,45,64564.07,220.48,Organized demand-driven knowledgebase,1,San Jose,United States,17/04/2020 19:10,0
53.38,35,60803.37,120.06,Total local synergy,1,Warsaw,Poland,30/03/2020 01:05,1
58.03,32,28387.42,129.33,User-friendly bandwidth-monitored attitude,0,Shengli,China,29/06/2020 09:04,1
43.59,35,58849.77,132.31,Re-engineered context-sensitive knowledge user,1,Lubumbashi,Congo (Kinshasa),26/05/2020 13:43,1
60.07,40,65963.37,120.75,Total user-facing hierarchy,1,Damascus,Syria,15/04/2020 10:16,1
54.43,37,75180.2,154.74,Balanced contextually-based pricing structure,1,Shuyangzha,China,31/05/2020 09:06,1
81.99,33,61270.14,230.9,Inverse bi-directional knowledge user,0,Shangqiu,China,15/02/2020 14:13,0
60.53,27,56759.48,123.28,Networked even-keeled workforce,0,Esfahan,Iran,09/05/2020 10:21,1
84.69,32,46160.63,231.85,Right-sized transitional parallelism,1,Budapest,Hungary,07/07/2020 23:32,0
88.72,31,43870.51,211.87,Customer-focused system-worthy superstructure,1,Heihe,China,03/01/2020 17:10,0
88.89,34,50439.49,218.8,Balanced 4thgeneration success,1,Lusaka,Zambia,17/07/2020 18:55,0
69.58,41,28028.74,255.07,Cross-group value-added success,0,Diyarbakir,Turkey,04/04/2020 18:36,1
85.23,37,64238.71,212.92,Visionary client-driven installation,1,Chinchvad,India,27/02/2020 12:34,0
83.55,39,65816.38,221.18,Switchable well-modulated infrastructure,1,Shuozhou,China,08/06/2020 20:13,0
56.66,40,72684.44,139.42,Upgradable asymmetric emulation,0,Vitoria,Brazil,20/02/2020 10:52,1
56.39,28,38817.4,248.12,Configurable tertiary capability,1,Cleveland,United States,23/03/2020 21:06,0
76.24,28,63976.44,214.42,Monitored dynamic instruction set,0,Pittsburgh,United States,07/06/2020 01:29,0
57.64,36,37212.54,110.25,Robust web-enabled attitude,1,Mecca,Saudi Arabia,18/01/2020 15:18,1
78.18,21,52691.79,167.67,Customer-focused full-range neural-net,0,Patna,India,09/06/2020 19:32,0
46.04,30,65499.93,147.92,Universal transitional Graphical User Interface,0,Mosul,Iraq,30/05/2020 20:07,1
79.4,34,63966.72,236.87,User-centric intangible contingency,0,Austin,United States,01/04/2020 09:21,0
36.44,40,52400.88,147.64,Configurable disintermediate throughput,1,Sanzhou,China,31/05/2020 06:21,1
53.14,40,49111.47,109,Automated web-enabled migration,1,Conakry,Guinea,03/07/2020 22:13,1
32.84,42,41232.89,171.72,Triple-buffered 3rdgeneration migration,0,Kampala,Uganda,10/03/2020 01:36,1
73.72,33,52140.04,256.4,Universal contextually-based system engine,1,Ecatepec,Mexico,18/03/2020 02:39,0
38.1,33,60641.09,214.38,Optional secondary access,1,Cincinnati,United States,30/05/2020 18:08,1
73.93,42,74180.05,218.22,Quality-focused scalable utilization,0,Makassar,Indonesia,20/02/2020 00:06,0
51.87,52,51869.87,119.65,Team-oriented dynamic forecast,0,Yushan,China,10/03/2020 22:28,1
77.69,20,48852.58,169.88,Horizontal heuristic support,1,Ludhiana,India,21/06/2020 14:32,0
43.41,30,59144.02,160.73,Customer-focused zero-defect process improvement,0,Newcastle,United Kingdom,05/02/2020 15:26,1
55.92,23,33951.63,145.08,Focused systemic benchmark,0,Depok,Indonesia,31/05/2020 21:41,1
80.67,34,58909.36,239.76,Seamless impactful info-mediaries,0,Zhongli,Taiwan,01/01/2020 02:52,0
83.42,23,49850.52,183.42,Advanced heuristic firmware,1,Kansas City,United States,04/03/2020 14:10,0
82.12,50,28679.93,201.15,Fully-configurable client-driven customer loyalty,1,Rabat,Morocco,03/02/2020 10:40,1
66.17,32,69869.66,238.45,Cross-group neutral synergy,0,Ouagadougou,Burkina Faso,20/01/2020 00:26,0
43.01,33,48347.64,127.37,Organized 24/7 middleware,0,Davao,Philippines,11/06/2020 09:37,1
80.05,24,45959.86,219.94,Networked stable open architecture,1,Manhattan,United States,08/03/2020 05:48,0
64.88,44,70005.51,129.8,Customizable systematic service-desk,1,Semarang,Indonesia,14/02/2020 22:23,1
79.82,28,51512.66,223.28,Function-based directional productivity,1,Yinchuan,China,17/07/2020 22:04,0
48.03,39,25598.75,134.6,Networked stable array,1,Multan,Pakistan,02/06/2020 22:16,1
32.99,45,49282.87,177.46,Phased full-range hardware,0,Caloocan City,Philippines,30/04/2020 19:42,1
74.88,26,67240.25,175.17,Organized empowering policy,1,Harare,Zimbabwe,17/04/2020 06:58,0
36.49,51,42136.33,196.61,Object-based system-worthy superstructure,1,Novosibirsk,Russia,09/03/2020 00:41,1
88.04,44,62589.84,191.17,Profound explicit hardware,1,Chengtangcun,China,07/03/2020 20:02,0
45.7,35,67384.31,151.12,Self-enabling multimedia system engine,1,Agra,India,26/05/2020 10:33,1
82.38,33,25603.93,159.6,Polarized analyzing intranet,0,Karaj,Iran,18/07/2020 01:36,1
52.68,22,39616,149.2,Vision-oriented attitude-oriented Internet solution,1,Indianapolis,United States,16/07/2020 05:56,1
65.59,47,28265.81,121.81,Digitized disintermediate ability,0,Jingdezhen,China,22/03/2020 06:41,1
65.65,25,63879.72,224.92,Intuitive explicit firmware,1,Puebla,Mexico,03/06/2020 06:34,0
43.84,35,70592.81,167.42,Public-key real-time definition,0,Kalyan,India,28/06/2020 09:19,1
67.69,38,76408.19,216.57,Monitored content-based implementation,0,Madurai,India,18/07/2020 18:33,0
78.37,25,55015.08,207.27,Quality-focused zero-defect budgetary management,0,Gujranwala,Pakistan,23/01/2020 04:47,0
81.46,30,51636.12,231.54,Intuitive fresh-thinking moderator,0,Benxi,China,29/02/2020 11:00,0
47.48,31,29359.2,141.34,Reverse-engineered 24hour hardware,0,Jamshedpur,India,30/06/2020 00:19,1
75.15,34,71296.67,219.49,Synchronized zero tolerance product,1,Zhuhai,China,19/06/2020 18:19,0
78.76,24,46422.76,219.98,Reactive interactive protocol,1,Recife,Brazil,08/01/2020 08:08,0
44.96,51,52802,132.71,Focused fresh-thinking Graphic Interface,1,Columbus,United States,02/01/2020 12:25,1
39.56,43,59243.46,143.13,Ameliorated exuding solution,1,Tabriz,Iran,13/05/2020 11:57,1
39.76,30,35350.55,196.83,Integrated maximized service-desk,1,Santiago,Dominican Republic,08/02/2020 14:02,1
57.11,24,59677.64,207.17,Self-enabling tertiary challenge,1,Maracaibo,Venezuela,07/06/2020 23:46,0
83.26,38,70225.6,187.76,Decentralized foreground infrastructure,1,Beihai,China,02/01/2020 14:36,0
69.42,26,65791.17,213.38,Quality-focused hybrid frame,0,Shuangyashan,China,13/02/2020 04:16,0
50.6,30,34191.13,129.88,Realigned reciprocal framework,1,Kobe,Japan,03/05/2020 12:57,1
46.2,37,51315.38,119.3,Distributed maximized ability,0,Charlotte,United States,03/04/2020 11:38,1
66.88,36,62790.96,119.47,Polarized bifurcated array,1,Yucheng,China,23/03/2020 19:58,1
83.97,38,66291.67,158.42,Progressive asynchronous adapter,1,Changshu,China,02/02/2020 11:49,0
76.56,30,68030.18,213.75,Business-focused high-level hardware,0,Ximeicun,China,08/03/2020 10:39,0
35.49,47,43974.49,159.77,Fully-configurable holistic throughput,0,Jianguang,China,08/04/2020 14:35,1
80.29,31,49457.48,244.87,Ameliorated contextually-based collaboration,1,Gwangju,"Korea, South",30/06/2020 00:40,0
50.19,40,33987.27,117.3,Progressive uniform budgetary management,0,Xushan,China,25/03/2020 19:02,1
59.12,35,28210.03,124.54,Synergistic stable infrastructure,0,Guiping,China,12/05/2020 21:32,1
59.88,28,75535.14,193.63,Reverse-engineered content-based intranet,1,Nasik,India,02/03/2020 05:11,0
59.7,29,49158.5,120.25,Expanded zero administration attitude,0,Porto Alegre,Brazil,10/05/2020 14:12,1
67.8,30,39809.69,117.75,Team-oriented 6thgeneration extranet,1,Zhangjiajie,China,03/03/2020 02:59,1
81.59,35,65826.53,223.16,Managed disintermediate capability,0,Valencia,Venezuela,04/07/2020 11:03,0
81.1,27,61172.07,216.49,Front-line dynamic model,1,Virginia Beach,United States,08/07/2020 03:47,0
41.7,40,42898.21,126.95,Innovative regional structure,0,Daejeon,"Korea, South",27/05/2020 05:35,1
73.94,26,68333.01,173.49,Function-based incremental standardization,0,Munich,Germany,10/02/2020 13:46,0
58.35,39,70232.95,132.63,Universal asymmetric workforce,0,Yekaterinburg,Russia,12/06/2020 21:21,1
51.56,45,63102.19,124.85,Business-focused client-driven forecast,0,Auckland,New Zealand,07/01/2020 13:58,1
79.81,35,51847.26,253.17,Realigned global initiative,0,Yunfu,China,13/05/2020 14:12,0
66.17,26,63580.22,228.7,Business-focused maximized complexity,0,Huangshan,China,02/05/2020 00:01,0
58.21,36,47575.44,105.94,Open-source global strategy,0,Huazhou,China,07/02/2020 17:06,1
66.12,47,39031.89,113.8,Stand-alone motivating moratorium,0,Shiraz,Iran,15/02/2020 07:27,1
80.47,42,70505.06,215.18,Grass-roots multimedia policy,1,Leon de los Aldama,Mexico,21/02/2020 05:23,0
77.05,30,62161.26,236.64,Upgradable local migration,0,Pizhou,China,20/03/2020 22:27,0
49.99,40,61068.26,121.07,Profound bottom-line standardization,0,Palembang,Indonesia,24/03/2020 09:34,1
80.3,56,49090.51,173.43,Managed client-server access,0,Kharkiv,Ukraine,04/04/2020 20:01,1
79.36,34,62330.75,234.72,Cross-platform directional intranet,1,Kawanakajima,Japan,02/01/2020 04:50,0
57.86,30,18819.34,166.86,Horizontal modular success,0,Lianjiang,China,08/07/2020 17:14,1
70.29,26,62053.37,231.37,Vision-oriented multi-tasking success,1,Chizhou,China,28/03/2020 19:48,0
84.53,35,61922.06,215.18,Optional multi-state hardware,1,Leizhou,China,11/07/2020 09:32,0
59.13,43,49525.37,106.04,Upgradable heuristic system engine,1,Guyuan,China,09/06/2020 17:11,1
81.51,41,53412.32,250.03,Future-proofed modular utilization,0,Rui'an,China,19/05/2020 09:30,0
42.94,37,56681.65,130.4,Synergistic dynamic orchestration,1,Birstall,United Kingdom,12/04/2020 12:35,1
84.81,30,43299.63,233.93,Multi-layered stable encoding,1,Muscat,Oman,04/07/2020 23:17,0
82.79,32,47997.75,132.08,Team-oriented zero-defect initiative,0,Hebi,China,01/02/2020 00:52,1
59.22,54,39131.53,126.39,Polarized 5thgeneration matrix,1,Jingling,China,13/01/2020 02:39,1
35,40,46033.73,151.25,Fully-configurable context-sensitive Graphic Interface,1,Bronx,United States,18/06/2020 16:02,1
46.61,42,65856.74,136.18,Progressive intermediate throughput,0,The Hague,Netherlands,01/01/2020 20:17,1
63.26,27,54787.37,120.46,Customizable holistic archive,1,Owerri,Nigeria,02/03/2020 04:02,1
79.16,31,69562.46,202.9,Compatible intermediate concept,1,Sharjah,United Arab Emirates,30/03/2020 20:23,0
67.94,41,68447.17,128.16,Assimilated next generation firmware,0,Faridabad,India,01/05/2020 00:23,1
79.91,31,62772.42,230.18,Total zero administration software,1,Ulaanbaatar,Mongolia,17/06/2020 03:02,0
66.14,39,78092.95,165.27,Re-engineered impactful software,0,Goiania,Brazil,23/03/2020 08:52,0
43.65,41,63649.04,138.87,Business-focused background synergy,0,Belem,Brazil,08/05/2020 22:24,1
59.61,22,60637.62,198.45,Future-proofed coherent budgetary management,1,Kayseri,Turkey,06/04/2020 05:55,0
46.61,51,27241.11,156.99,Ergonomic methodical encoding,0,Yueqing,China,05/04/2020 05:54,1
89.37,33,42760.22,162.03,Compatible dedicated productivity,1,Belgrade,Serbia,16/04/2020 12:26,0
65.1,47,59457.52,118.1,Up-sized real-time methodology,1,Pingdu,China,01/06/2020 03:44,1
53.44,43,42907.89,108.17,Up-sized next generation architecture,1,Aurangabad,India,04/04/2020 22:00,1
79.53,52,46132.18,244.91,Managed 6thgeneration hierarchy,0,Yutan,China,26/06/2020 04:22,0
91.43,39,46964.11,209.91,Organic motivating model,1,Wenling,China,07/07/2020 03:55,0
73.57,28,70377.23,212.38,Pre-emptive transitional protocol,0,Islamabad,Pakistan,20/03/2020 08:22,0
78.76,34,70012.83,208.02,Managed attitude-oriented Internet solution,1,Milwaukee,United States,20/04/2020 10:04,0
76.49,22,56457.01,181.11,Public-key asynchronous matrix,0,Milan,Italy,25/03/2020 05:05,0
61.72,24,67279.06,218.49,Grass-roots systematic hardware,0,Sofia,Bulgaria,14/02/2020 07:15,0
84.53,34,54773.99,236.29,User-centric composite contingency,0,Adelaide,Australia,26/03/2020 00:32,0
72.03,36,70783.94,230.95,Up-sized bi-directional infrastructure,1,Samsun,Turkey,05/07/2020 22:33,0
77.47,34,70510.59,222.91,Assimilated actuating policy,1,Rajkot,India,14/03/2020 03:29,0
75.65,41,64021.55,247.9,Organized upward-trending contingency,1,Khulna,Bangladesh,30/05/2020 02:34,0
78.15,35,72042.85,194.37,Ergonomic neutral portal,0,Cordoba,Argentina,07/03/2020 22:32,0
63.8,40,36037.33,108.7,Adaptive demand-driven knowledgebase,1,Guarulhos,Brazil,19/03/2020 00:27,1
76.59,27,67526.92,211.64,Reverse-engineered maximized focus group,0,Juarez,Mexico,18/06/2020 05:17,0
42.6,57,55121.65,168.29,Switchable analyzing encryption,0,Prague,Czechia,11/07/2020 18:12,1
78.77,27,63497.62,211.83,Public-key intangible Graphical User Interface,0,Montevideo,Uruguay,01/01/2020 08:27,0
83.4,39,60879.48,235.01,Advanced local task-force,0,Mbuji-Mayi,Congo (Kinshasa),07/04/2020 01:57,0
79.53,33,61467.33,236.72,Profound well-modulated array,0,Fuqing,China,28/02/2020 22:02,0
73.89,34,70495.64,229.99,Multi-channeled asymmetric installation,1,Xintai,China,26/06/2020 17:25,0
75.8,38,71222.4,224.9,Multi-layered fresh-thinking neural-net,0,Doha,Qatar,21/01/2020 04:30,0
81.95,30,64698.58,208.76,Distributed cohesive migration,1,Saitama,Japan,01/05/2020 21:46,0
56.39,57,32252.38,154.23,Programmable uniform website,0,Hiroshima,Japan,14/02/2020 10:06,1
44.73,36,55316.97,127.56,Object-based neutral policy,1,Meerut,India,27/01/2020 18:25,1
38.35,35,47447.89,145.48,Horizontal global leverage,1,Yushu,China,16/06/2020 20:24,1
72.53,37,73474.82,223.93,Synchronized grid-enabled moratorium,0,Rongcheng,China,21/07/2020 10:01,0
56.2,50,53549.94,114.85,Adaptive uniform capability,1,Yangquan,China,21/04/2020 18:31,1
79.67,26,58576.12,226.79,Total grid-enabled application,0,Haicheng,China,20/07/2020 01:56,0
75.42,24,63373.7,164.25,Optional regional throughput,1,Gaozhou,China,26/02/2020 17:14,0
78.64,29,60283.47,235.28,Integrated client-server definition,1,Yingtan,China,16/01/2020 17:56,0
67.69,42,37345.34,109.22,Fundamental methodical support,0,Huaiyin,China,01/04/2020 01:57,1
38.35,41,34886.01,144.69,Synergistic reciprocal attitude,1,Wuzhong,China,24/06/2020 08:42,1
59.52,42,67511.86,251.08,Managed 5thgeneration time-frame,1,Jabalpur,India,27/05/2020 18:45,0
62.26,36,77988.71,166.19,Vision-oriented uniform knowledgebase,0,Thane,India,26/05/2020 15:40,0
64.75,38,63001.03,117.66,Multi-tiered stable leverage,0,Zhangye,China,06/04/2020 01:19,1
79.97,27,61747.98,185.45,Down-sized explicit budgetary management,1,Rucheng,China,08/01/2020 19:38,0
47.9,43,48467.68,114.53,Cross-group human-resource time-frame,0,Nizhniy Novgorod,Russia,24/02/2020 19:08,1
80.38,32,55130.96,238.06,Business-focused holistic benchmark,0,Comayaguela,Honduras,10/03/2020 07:07,0
64.51,44,79484.8,190.71,Virtual 5thgeneration neural-net,1,Yangshe,China,29/04/2020 07:49,0
71.28,37,67307.43,246.72,Distributed scalable orchestration,1,Shaoyang,China,10/04/2020 16:08,0
50.32,40,27964.6,125.65,Realigned intangible benchmark,0,Dhanbad,India,27/04/2020 18:25,1
72.76,33,66431.87,240.63,Virtual impactful algorithm,1,Yichun,China,10/05/2020 04:28,0
72.8,33,63551.67,249.54,Public-key solution-oriented focus group,0,Laiwu,China,03/01/2020 23:21,0
74.59,23,40135.06,158.35,Phased clear-thinking encoding,1,Kazan,Russia,15/02/2020 16:52,1
46.66,43,49101.67,118.16,Grass-roots mission-critical emulation,0,Dayan,China,09/03/2020 02:07,1
48.86,56,53188.69,134.46,Proactive encompassing paradigm,0,Suwon,"Korea, South",09/01/2020 17:33,1
37.05,40,49742.83,142.81,Automated object-oriented firmware,1,Jiangyin,China,03/02/2020 05:47,1
81.21,34,63394.41,233.04,User-friendly content-based customer loyalty,0,Yongcheng,China,02/01/2020 09:30,0
66.89,24,64433.99,208.24,Universal incremental array,1,Calgary,Canada,04/01/2020 07:28,0
68.11,40,73884.48,231.21,Reactive national success,0,Can Tho,Vietnam,07/01/2020 21:21,0
69.15,45,36424.94,112.72,Automated multi-state toolset,0,Abuja,Nigeria,24/07/2020 00:22,1
65.72,37,28275.48,120.12,Managed didactic flexibility,0,Yiwu,China,13/02/2020 13:57,1
40.04,26,48098.86,161.58,Cross-platform neutral system engine,0,Mandalay,Burma,08/05/2020 10:25,1
68.6,35,68448.94,135.08,Focused high-level frame,0,Beidao,China,17/02/2020 18:50,1
56.16,24,66429.84,164.25,Seamless motivating approach,1,Al Basrah,Iraq,22/01/2020 19:43,1
78.6,46,41768.13,254.59,Enhanced systematic adapter,1,Shuangshui,China,20/07/2020 13:21,0
78.29,38,57844.96,252.07,Networked regional Local Area Network,0,Sevilla,Spain,05/01/2020 20:58,0
43.83,45,35684.82,129.01,Total human-resource flexibility,0,Vila Velha,Brazil,29/01/2020 05:39,1
77.31,31,62792.43,238.1,Assimilated homogeneous service-desk,0,Allahabad,India,17/06/2020 20:18,0
39.86,27,51171.23,161.24,Ergonomic zero tolerance encoding,0,Varanasi,India,23/02/2020 13:55,1
66.77,27,58847.07,141.13,Cross-platform zero-defect structure,0,Tunis,Tunisia,09/07/2020 11:18,1
57.2,41,57739.03,110.66,Innovative maximized groupware,0,Chelyabinsk,Russia,19/03/2020 11:09,1
73.15,23,64631.22,211.12,Face-to-face executive encryption,1,Mombasa,Kenya,29/01/2020 07:14,0
82.07,26,50337.93,193.97,Monitored local Internet solution,0,Providence,United States,14/06/2020 07:02,0
49.84,38,67781.31,135.24,Phased hybrid superstructure,1,Qom,Iran,18/05/2020 03:19,1
43.97,35,68863.95,156.97,User-friendly grid-enabled analyzer,1,Maiduguri,Nigeria,30/01/2020 09:54,1
77.25,28,55901.12,231.38,Pre-emptive neutral contingency,1,Maputo,Mozambique,25/04/2020 16:58,0
74.84,38,64775.1,246.44,User-friendly impactful time-frame,1,Rosario,Argentina,14/01/2020 16:30,0
83.53,38,67686.16,204.56,Customizable methodical Graphical User Interface,0,Benin City,Nigeria,06/07/2020 05:34,0
38.63,49,57777.11,222.11,Cross-platform logistical pricing structure,0,Xinyu,China,07/04/2020 10:51,1
84,48,46868.53,136.21,Inverse discrete extranet,1,Ahvaz,Iran,17/04/2020 05:08,1
52.13,50,40926.93,118.27,Open-source even-keeled database,1,Dublin,Ireland,28/01/2020 17:03,1
71.83,40,22205.74,135.48,Diverse background ability,1,Jacksonville,United States,18/02/2020 22:42,1
78.36,25,58920.44,196.77,Multi-tiered foreground Graphic Interface,1,Medina,Saudi Arabia,24/06/2020 21:09,0
50.18,33,63006.14,127.82,Customizable hybrid system engine,1,Srinagar,India,20/06/2020 04:24,1
64.67,51,24316.61,138.35,Horizontal incremental website,1,Omsk,Russia,14/02/2020 16:33,1
69.5,25,68348.99,203.84,Front-line systemic capability,0,Huazhou,China,27/02/2020 13:51,0
65.22,28,66263.37,240.09,Fully-configurable foreground solution,1,Cilacap,Indonesia,07/05/2020 15:16,0
62.06,38,63493.6,116.27,Digitized radical array,1,Xiantao,China,16/03/2020 20:10,1
84.29,30,56984.09,160.33,Team-oriented transitional methodology,1,Bandar Lampung,Indonesia,26/06/2020 02:06,1
32.91,39,51691.55,181.02,Future-proofed fresh-thinking conglomeration,0,Samara,Russia,17/07/2020 14:26,1
39.5,29,49911.25,148.19,Operative multi-tasking Graphic Interface,1,Guankou,China,28/01/2020 16:42,1
75.19,31,33502.57,245.76,Implemented discrete frame,1,Ulsan,"Korea, South",16/06/2020 18:04,0
76.21,31,65834.97,228.94,Ameliorated exuding encryption,1,Dingzhou,China,19/06/2020 23:21,0
67.76,32,66176.97,242.59,Programmable high-level benchmark,0,Campinas,Brazil,24/05/2020 17:42,0
40.01,54,51463.17,161.77,Sharable multimedia conglomeration,0,Lianyuan,China,01/03/2020 22:06,1
52.7,43,41059.64,109.34,Team-oriented high-level orchestration,1,Rongcheng,China,31/01/2020 08:50,1
68.41,37,61428.18,259.76,Grass-roots empowering paradigm,0,Kaiyuan,China,30/04/2020 15:27,0
35.55,39,51593.46,151.18,Robust object-oriented Graphic Interface,0,Nay Pyi Taw,Burma,13/01/2020 20:38,1
74.54,25,57518.73,219.75,Switchable secondary ability,0,Dakar,Senegal,30/03/2020 16:15,0
81.75,22,52656.13,190.08,Open-architected web-enabled benchmark,1,Zhuji,China,29/04/2020 18:53,0
87.85,29,52178.98,210.27,Compatible scalable emulation,1,Zapopan,Mexico,14/06/2020 19:48,0
60.23,59,46239.14,151.54,Seamless optimal contingency,1,Leiyang,China,15/07/2020 15:43,1
87.97,36,48918.55,149.25,Secured secondary superstructure,1,Dadukou,China,24/03/2020 05:38,0
78.17,26,65227.79,192.27,Automated mobile model,1,Quetta,Pakistan,26/04/2020 20:57,0
67.91,24,55002.05,146.8,Re-engineered non-volatile neural-net,1,Amritsar,India,12/01/2020 03:28,1
85.77,29,52261.73,191.78,Implemented disintermediate attitude,1,Callao,Peru,09/04/2020 23:26,0
41.16,50,59448.44,150.83,Configurable interactive contingency,1,Aligarh,India,28/03/2020 09:15,1
53.54,39,47314.45,108.03,Optimized systemic capability,0,Yingchuan,China,23/06/2020 11:05,1
73.94,28,55411.06,236.15,Front-line non-volatile implementation,1,Tegucigalpa,Honduras,24/01/2020 01:53,0
63.43,29,66504.16,236.75,Ergonomic 24/7 solution,1,Ciudad Nezahualcoyotl,Mexico,15/04/2020 10:18,0
84.59,38,47169.14,241.8,Integrated grid-enabled budgetary management,1,Tripoli,Libya,26/04/2020 13:13,0
70.13,30,70889.68,224.98,Profit-focused systemic support,0,Rostov,Russia,16/05/2020 23:21,0
40.19,38,55358.88,136.99,Right-sized system-worthy project,0,Nezahualcoyotl,Mexico,18/01/2020 02:51,1
58.95,53,56242.7,131.29,Proactive actuating Graphical User Interface,1,Bhiwandi,India,20/06/2020 08:34,1
35.76,53,45522.44,195.07,Versatile optimizing projection,0,Zhoushan,China,18/07/2020 04:53,1
59.36,51,46931.03,110.84,Universal multi-state system engine,0,Tbilisi,Georgia,01/07/2020 01:12,1
91.1,42,55499.69,198.13,Secured intermediate approach,1,Ufa,Russia,07/03/2020 22:51,0
61.04,41,75805.12,149.21,Operative didactic Local Area Network,0,Fes,Morocco,02/05/2020 15:31,1
74.06,22,40345.49,225.99,Phased content-based middleware,0,Bien Hoa,Vietnam,23/07/2020 06:18,0
64.63,45,15598.29,158.8,Triple-buffered high-level Internet solution,1,Mexicali,Mexico,12/06/2020 03:11,1
81.29,26,33239.2,219.72,Synergized well-modulated Graphical User Interface,0,Gwalior,India,15/02/2020 20:41,0
76.07,37,68033.54,235.56,Implemented bottom-line implementation,0,Ankang,China,23/01/2020 01:42,0
75.92,23,38427.66,182.65,Monitored context-sensitive initiative,0,Ikare,Nigeria,26/02/2020 01:18,0
78.35,47,53185.34,253.48,Pre-emptive client-server open system,0,Hegang,China,11/01/2020 02:07,0
46.14,29,39723.97,137.97,Seamless bandwidth-monitored knowledge user,1,Salt Lake City,United States,04/04/2020 13:56,1
44.33,39,43386.07,120.63,Ergonomic empowering frame,0,Bhilai,India,14/01/2020 09:27,1
46.43,29,53922.43,137.2,Reverse-engineered background Graphic Interface,1,Yuyao,China,25/04/2020 03:18,1
66.04,29,71881.84,199.76,Synergistic non-volatile analyzer,0,N'Djamena,Chad,05/03/2020 23:02,0
84.31,29,47139.21,225.87,Object-based optimal solution,0,Hanchuan,China,06/01/2020 21:43,0
83.66,40,68877.02,175.14,Profound dynamic attitude,0,Gongzhuling,China,18/02/2020 03:58,0
81.25,33,65186.58,222.35,Enhanced system-worthy toolset,1,Copenhagen,Denmark,16/04/2020 14:15,0
85.26,31,55424.24,224.07,Reverse-engineered dynamic function,1,Irbid,Jordan,24/02/2020 06:18,0
86.53,45,46500.11,233.36,Networked responsive application,0,Haora,India,29/06/2020 01:19,0
76.44,28,58820.16,224.2,Distributed intangible database,1,Cologne,Germany,05/01/2020 06:34,0
52.84,43,28495.21,122.31,Multi-tiered mobile encoding,0,Krasnoyarsk,Russia,16/07/2020 10:14,1
85.24,31,61840.26,182.84,Optional contextually-based flexibility,1,Yicheng,China,17/06/2020 03:23,0
74.71,45,37908.29,258.06,Proactive local focus group,1,Mizhou,China,13/06/2020 11:06,0
82.95,39,69805.7,201.29,Customer-focused impactful success,0,Nashville,United States,05/04/2020 08:18,0
76.42,28,60315.19,223.16,Open-source optimizing parallelism,1,Yerevan,Armenia,17/04/2020 18:38,0
42.04,49,67323,182.11,Organic logistical adapter,0,Ranchi,India,03/02/2020 16:54,1
46.28,25,50055.33,228.78,Stand-alone eco-centric system engine,1,Nur-Sultan,Kazakhstan,18/04/2020 21:07,1
48.26,48,43573.66,122.45,User-centric intermediate knowledge user,1,Nouakchott,Mauritania,18/06/2020 22:31,1
71.03,57,28186.65,150.77,Programmable didactic capacity,0,Vereeniging,South Africa,12/03/2020 07:18,1
81.37,32,66412.04,215.04,Enhanced regional conglomeration,0,Richmond,United States,15/01/2020 01:20,0
58.05,31,15879.1,195.54,Total asynchronous architecture,1,Sao Luis,Brazil,12/02/2020 10:39,1
75,27,63965.16,230.36,Secured upward-trending benchmark,1,San Pedro Sula,Honduras,16/02/2020 02:29,0
79.61,31,58342.63,235.97,Customizable value-added project,0,Taixing,China,04/04/2020 21:23,0
52.56,29,33147.19,250.36,Integrated interactive support,1,Memphis,United States,24/04/2020 01:48,1
62.18,32,65899.68,126.44,Reactive impactful challenge,0,Goyang,"Korea, South",20/05/2020 00:00,1
77.89,25,64188.5,201.54,Switchable multi-state success,0,Bezwada,India,15/05/2020 03:10,0
66.08,59,58966.22,184.23,Synchronized multi-tasking ability,1,Edmonton,Canada,07/01/2020 23:02,1
89.21,32,44078.24,210.53,Fundamental clear-thinking knowledgebase,0,Xishan,China,19/07/2020 12:05,0
49.96,57,60968.62,151.94,Multi-layered user-facing parallelism,1,Barquisimeto,Venezuela,04/04/2020 00:02,1
77.44,26,65620.25,210.39,Front-line incremental access,0,Sendai,Japan,10/06/2020 04:21,0
82.58,36,65496.78,225.23,Open-architected zero administration secured line,1,Voronezh,Russia,11/03/2020 14:50,0
39.36,31,52462.04,161.79,Mandatory disintermediate info-mediaries,1,Perm,Russia,14/01/2020 20:58,1
47.23,40,70582.55,149.8,Implemented context-sensitive Local Area Network,1,Changwon,"Korea, South",22/06/2020 05:22,1
87.85,33,51816.27,153.01,Digitized interactive initiative,0,Zhongwei,China,19/03/2020 08:00,0
65.57,48,23410.75,130.86,Implemented asynchronous application,0,Shouguang,China,15/04/2020 15:07,1
78.01,26,62729.4,200.71,Focused multi-state workforce,1,Bogor,Indonesia,28/03/2020 02:29,0
44.15,29,48867.67,141.96,Proactive secondary monitoring,1,Raleigh,United States,22/01/2020 15:03,1
43.57,37,50971.73,125.2,Front-line upward-trending groupware,1,Cartagena,Colombia,25/06/2020 17:33,1
76.83,26,67990.84,192.81,Quality-focused 5thgeneration orchestration,0,Chandigarh,India,04/03/2020 14:33,0
42.06,34,43241.19,131.55,Multi-layered secondary software,0,Bishkek,Kyrgyzstan,29/06/2020 02:48,1
76.27,29,60082.66,226.69,Total coherent superstructure,1,Amsterdam,Netherlands,18/06/2020 01:42,0
74.27,35,65180.97,247.05,Monitored executive architecture,1,Matola,Mozambique,31/01/2020 09:57,0
73.27,27,67301.39,216.24,Front-line multi-state hub,1,Ogbomoso,Nigeria,22/05/2020 15:17,0
74.58,35,70701.31,230.52,Configurable mission-critical algorithm,0,Ashgabat,Turkmenistan,22/07/2020 11:05,0
77.5,26,60997.84,225.34,Face-to-face responsive alliance,1,E'zhou,China,13/07/2020 14:05,0
87.16,32,60805.93,197.15,Reduced holistic help-desk,0,Maceio,Brazil,11/02/2020 11:50,0
87.16,36,50711.68,231.95,Pre-emptive content-based frame,1,Niamey,Niger,16/03/2020 20:33,0
66.26,47,14548.06,179.04,Optional full-range projection,1,Managua,Nicaragua,25/04/2020 19:31,1
65.15,27,41335.84,117.3,Expanded value-added emulation,0,Patam,Indonesia,14/07/2020 22:43,1
68.25,34,76480.16,198.86,Organic well-modulated database,1,Tekirdag,Turkey,30/05/2020 08:02,0
73.49,38,67132.46,244.23,Organic 3rdgeneration encryption,0,Linhai,China,14/02/2020 11:36,0
39.19,53,52581.16,173.05,Stand-alone empowering benchmark,0,Shubra al Khaymah,Egypt,23/01/2020 21:15,1
80.15,26,55195.61,214.49,Monitored intermediate circuit,0,Monrovia,Liberia,18/07/2020 02:51,0
86.76,27,48679.54,189.91,Object-based leadingedge complexity,0,Wafangdian,China,10/02/2020 08:21,0
73.88,28,63109.74,233.61,Digitized zero-defect implementation,0,Zhongxiang,China,04/01/2020 06:37,0
58.6,17,44490.09,197.93,Configurable impactful firmware,1,Shymkent,Kazakhstan,05/06/2020 21:38,0
69.77,54,57667.99,132.27,Face-to-face dedicated flexibility,0,New Orleans,United States,01/06/2020 03:17,1
87.27,31,51824.01,204.27,Fully-configurable 5thgeneration circuit,1,Volgograd,Russia,06/03/2020 06:51,1
77.65,26,66198.66,208.01,Configurable impactful capacity,0,Port-au-Prince,Haiti,26/02/2020 19:35,0
76.02,40,73174.19,219.55,Distributed leadingedge orchestration,0,Mysore,India,13/07/2020 14:30,0
78.84,27,56593.8,217.66,Persistent even-keeled application,1,Odesa,Ukraine,29/06/2020 07:20,0
71.33,25,31072.44,169.4,Optimized attitude-oriented initiative,0,Kathmandu,Nepal,15/03/2020 06:54,1
81.9,40,66773.83,225.47,Multi-channeled 3rdgeneration model,0,Raipur,India,11/06/2020 06:47,0
46.89,46,72553.94,176.78,Polarized mission-critical structure,1,Nice,France,17/07/2020 13:22,1
77.8,57,43708.88,152.94,Virtual executive implementation,0,Arequipa,Peru,14/02/2020 14:38,1
45.44,44,48453.55,119.27,Enhanced intermediate standardization,0,Port Harcourt,Nigeria,04/05/2020 05:01,1
69.96,29,73413.87,214.06,Realigned tangible collaboration,1,Rotterdam,Netherlands,20/05/2020 12:17,0
87.35,36,58114.3,158.29,Cloned dedicated analyzer,1,Louisville,United States,26/01/2020 02:47,0
49.42,55,45465.25,128,Ameliorated well-modulated complexity,1,Zaoyang,China,07/07/2020 18:07,1
71.27,23,50147.72,216.03,Quality-focused bi-directional throughput,1,Shuizhai,China,11/01/2020 12:46,0
49.19,36,61004.51,123.08,Versatile solution-oriented secured line,0,Kota,India,12/05/2020 12:11,1
39.96,33,53898.89,138.52,Phased leadingedge budgetary management,1,Abu Dhabi,United Arab Emirates,28/02/2020 23:21,1
85.01,27,59797.64,192.5,Devolved exuding Local Area Network,0,Stockholm,Sweden,03/05/2020 16:02,0
68.95,49,74623.27,185.85,Front-line bandwidth-monitored capacity,1,Ottawa,Canada,15/03/2020 20:19,0
67.59,45,58677.69,113.69,User-centric solution-oriented emulation,0,Asmara,Eritrea,23/07/2020 05:21,1
75.71,34,62109.8,246.06,Phased hybrid intranet,0,Freetown,Sierra Leone,11/03/2020 10:01,0
43.07,34,60583.02,137.63,Monitored zero administration collaboration,1,Jerusalem,Israel,11/02/2020 20:45,1
39.47,45,65576.05,163.48,Team-oriented systematic installation,1,Panama City,Panama,06/07/2020 23:09,1
48.22,40,73882.91,214.33,Inverse national core,0,Lome,Togo,22/03/2020 19:14,0
76.76,24,50468.36,230.77,Secured uniform instruction set,1,Libreville,Gabon,26/05/2020 13:28,0
78.74,25,51409.45,234.75,Quality-focused zero tolerance matrices,0,Zagreb,Croatia,18/06/2020 19:10,0
67.47,22,60514.05,225.05,Multi-tiered heuristic strategy,1,Dushanbe,Tajikistan,20/03/2020 07:12,0
81.17,28,57195.96,231.91,Optimized static archive,1,Lilongwe,Malawi,03/06/2020 07:00,0
89.66,34,52802.58,171.23,Advanced didactic conglomeration,1,Cotonou,Benin,03/02/2020 15:15,0
79.6,28,56570.06,227.37,Synergistic discrete middleware,1,Vientiane,Laos,03/05/2020 16:55,0
65.53,20,51049.47,190.17,Pre-emptive client-server installation,1,Colombo,Sri Lanka,20/06/2020 02:25,0
61.87,34,66629.61,250.2,Multi-channeled attitude-oriented toolset,1,Kigali,Rwanda,10/07/2020 19:15,0
83.16,39,70185.06,194.95,Decentralized 24hour approach,0,Pretoria,South Africa,04/01/2020 04:00,0
44.11,43,43111.41,121.24,Organic next generation matrix,1,Bangui,Central African Republic,20/04/2020 16:49,1
56.57,24,56435.6,131.98,Multi-channeled non-volatile website,0,Winnipeg,Canada,23/01/2020 13:14,1
83.91,27,53223.58,222.87,Distributed bifurcated challenge,0,Quebec City,Canada,04/01/2020 22:27,0
79.8,28,57179.91,229.88,Customizable zero-defect Internet solution,1,Riga,Latvia,08/04/2020 22:40,0
71.23,53,41521.28,122.59,Self-enabling zero administration neural-net,0,Oslo,Norway,05/01/2020 11:53,1
47.23,42,73538.09,210.87,Optimized upward-trending productivity,1,Chisinau,Moldova,17/03/2020 22:24,1
82.37,28,63664.32,207.44,Open-architected system-worthy ability,0,Athens,Greece,29/06/2020 04:23,0
43.63,38,61757.12,135.25,Quality-focused maximized extranet,1,Bujumbura,Burundi,25/05/2020 19:45,1
70.9,30,71727.51,190.95,Centralized client-driven workforce,0,Helsinki,Finland,17/06/2020 23:19,0
71.9,30,72203.96,193.29,De-engineered intangible flexibility,1,Skopje,Macedonia,24/04/2020 07:20,0
62.12,38,50671.6,105.86,Re-engineered intangible software,1,Kuwait City,Kuwait,18/03/2020 13:00,1
67.35,27,47510.42,118.69,Sharable secondary Graphical User Interface,0,Kingston,Jamaica,28/04/2020 21:58,1
57.99,51,62466.1,124.58,Innovative homogeneous alliance,0,Vilnius,Lithuania,12/02/2020 08:46,1
66.8,30,59683.16,248.51,Diverse leadingedge website,0,San Salvador,El Salvador,11/07/2020 13:23,1
49.13,33,41097.17,120.49,Optimized intermediate help-desk,0,Djibouti,Djibouti,29/01/2020 00:45,1
45.11,56,39799.73,195.69,Sharable reciprocal project,0,Lisbon,Portugal,05/01/2020 16:26,1
54.35,41,76984.21,164.02,Proactive interactive service-desk,0,Kitchener,Canada,20/06/2020 08:22,0
61.82,59,57877.15,151.93,Open-architected needs-based customer loyalty,1,Tallinn,Estonia,06/02/2020 17:48,1
77.75,30,59047.91,240.64,Multi-lateral motivating circuit,1,Cape Town,South Africa,22/06/2020 17:19,0
70.61,26,72154.68,190.12,Assimilated encompassing portal,0,Bratislava,Slovakia,16/04/2020 05:24,0
82.72,32,65704.79,179.82,Cross-group global orchestration,0,Tirana,Albania,17/01/2020 05:07,0
76.87,34,72948.76,212.59,Down-sized bandwidth-monitored core,0,Canberra,Australia,08/07/2020 22:30,0
65.07,32,73941.91,227.53,Monitored explicit hierarchy,1,Wellington,New Zealand,11/03/2020 00:05,0
56.93,39,57887.64,111.8,Reactive demand-driven strategy,0,Beirut,Lebanon,10/06/2020 00:35,1
48.86,37,62463.7,128.37,Universal empowering adapter,1,Dodoma,Tanzania,04/01/2020 00:44,1
36.56,30,42838.29,195.89,Team-oriented bi-directional secured line,0,Halifax,Canada,01/01/2020 15:14,1
85.73,31,43778.88,147.75,Stand-alone radical throughput,1,Bissau,Guinea-Bissau,10/07/2020 17:24,1
75.81,39,71157.05,229.19,Inverse zero-defect capability,0,Juba,South Sudan,27/03/2020 19:50,0
72.94,31,74159.69,190.84,Multi-tiered real-time implementation,0,Port Moresby,Papua New Guinea,29/04/2020 13:38,0
53.63,53,50333.72,126.29,Front-line zero-defect array,1,Yamoussoukro,Côte D’Ivoire,08/01/2020 18:13,1
52.35,24,33293.78,147.61,Mandatory 4thgeneration structure,1,Victoria,Canada,05/06/2020 07:54,1
52.84,49,38641.2,121.57,Synergistic asynchronous superstructure,1,Maseru,Lesotho,29/06/2020 10:50,1
51.58,34,49822.78,115.91,Vision-oriented system-worthy forecast,0,Nicosia,Cyprus,24/04/2020 13:46,1
42.32,31,63891.29,187.09,Digitized radical architecture,1,Windhoek,Namibia,14/02/2020 04:14,1
55.04,42,43881.73,106.96,Quality-focused optimizing parallelism,1,Porto-Novo,Benin,15/06/2020 05:43,1
68.58,39,13996.5,171.54,Exclusive discrete firmware,1,Sucre,Bolivia,06/07/2020 12:04,1
85.54,26,48761.14,175.43,Right-sized solution-oriented benchmark,1,San Jose,Costa Rica,31/03/2020 13:54,0
71.14,30,69758.31,224.82,Assimilated stable encryption,0,Ljubljana,Slovenia,21/06/2020 00:52,0
64.38,21,52530.1,180.47,Configurable dynamic secured line,1,Sarajevo,Bosnia And Herzegovina,27/05/2020 05:23,0
88.85,39,58363.12,213.96,Cloned optimal leverage,0,Nassau,"Bahamas, The",17/01/2020 18:45,0
66.79,60,60575.99,198.3,Decentralized client-driven data-warehouse,1,Bloemfontein,South Africa,07/04/2020 20:34,1
32.6,46,48206.04,185.47,Multi-tiered interactive neural-net,0,Gaborone,Botswana,02/05/2020 18:37,1
43.88,54,31523.09,166.85,Enhanced methodical database,1,Paramaribo,Suriname,04/06/2020 17:24,1
56.46,28,66187.58,151.63,Ameliorated leadingedge help-desk,0,Dili,Timor-Leste,07/04/2020 18:52,1
72.18,28,69438.04,225.02,De-engineered attitude-oriented projection,0,Pristina,Kosovo,10/06/2020 22:21,0
52.67,43,14775.5,191.26,Persevering 5thgeneration knowledge user,0,Georgetown,Guyana,19/05/2020 06:37,1
80.55,37,68016.9,219.91,Extended grid-enabled hierarchy,0,Malabo,Equatorial Guinea,28/03/2020 23:01,0
67.85,42,78520.99,202.7,Reactive tangible contingency,1,Brussels,Belgium,21/01/2020 22:51,1
75.55,34,31998.72,123.71,Decentralized attitude-oriented interface,1,Male,Maldives,12/03/2020 06:05,1
80.46,28,56909.3,230.78,Mandatory coherent groupware,0,Podgorica,Montenegro,04/06/2020 09:13,0
82.69,31,61161.29,167.41,Fully-configurable eco-centric frame,1,Manama,Bahrain,24/05/2020 10:16,0
35.21,41,52340.1,154,Advanced disintermediate data-warehouse,1,Port Louis,Mauritius,25/03/2020 06:36,1
36.37,42,47338.94,144.53,Quality-focused zero-defect data-warehouse,1,New Delhi,India,22/04/2020 00:28,1
74.07,21,50950.24,165.43,Cross-group non-volatile secured line,1,Bern,Switzerland,22/03/2020 04:13,0
59.96,32,77143.61,197.66,Expanded modular application,0,Reykjavik,Iceland,14/01/2020 08:27,1
85.62,27,57032.36,195.68,Triple-buffered systematic info-mediaries,0,Praia,Cabo Verde,14/04/2020 21:37,0
40.88,34,48554.45,136.18,Networked non-volatile synergy,1,Luxembourg,Luxembourg,31/05/2020 17:50,1
36.98,30,39552.49,167.87,Fully-configurable clear-thinking throughput,1,Sri Jayewardenepura Kotte,Sri Lanka,17/03/2020 06:25,1
35.49,46,36884.23,170.04,Front-line actuating functionalities,0,Bridgetown,Barbados,13/04/2020 07:07,1
56.56,28,68783.45,204.47,Compatible composite project,1,Moroni,Comoros,03/02/2020 22:11,0
36.62,33,51119.93,162.44,Customer-focused solution-oriented software,1,Thimphu,Bhutan,02/02/2020 19:59,1
49.35,50,44304.13,119.86,Inverse stable synergy,0,Mbabane,Swaziland,07/04/2020 20:38,1
75.64,29,69718.19,204.82,Pre-emptive well-modulated moderator,1,Honiara,Solomon Islands,15/03/2020 19:35,0
79.22,28,63429.18,198.79,Intuitive modular system engine,1,Suva,Fiji,11/03/2020 12:39,0
77.05,33,65756.36,236.08,Centralized value-added hierarchy,0,Castries,Saint Lucia,17/05/2020 18:06,0
66.83,47,77871.75,196.17,Assimilated hybrid initiative,1,Sao Tome,Sao Tome And Principe,28/02/2020 23:10,0
76.2,22,47258.59,228.81,Optimized coherent Internet solution,1,Port-Vila,Vanuatu,02/03/2020 06:35,0
56.64,27,55984.89,123.24,Versatile 6thgeneration parallelism,1,Bandar Seri Begawan,Brunei,27/02/2020 08:52,1
53.33,34,44275.13,111.63,Configurable impactful productivity,1,Monaco,Monaco,14/03/2020 04:34,1
50.63,52,25767.16,142.23,Operative full-range forecast,0,Gitega,Burundi,10/03/2020 15:07,1
41.84,49,37605.11,139.32,Operative secondary functionalities,0,Port of Spain,Trinidad And Tobago,01/05/2020 08:27,1
53.92,43,25739.09,125.46,Business-focused transitional solution,1,Apia,Samoa,12/06/2020 11:17,1
83.89,29,60188.38,180.88,Ameliorated intermediate Graphical User Interface,1,Vaduz,Liechtenstein,28/05/2020 12:20,0
55.32,44,67682.32,127.65,Managed 24hour analyzer,0,Banjul,"Gambia, The",18/03/2020 09:08,1
53.22,43,44307.18,108.85,Horizontal client-server database,0,Tarawa,Kiribati,26/05/2020 06:03,1
43.16,34,25371.52,156.11,Implemented didactic support,1,Victoria,Seychelles,06/07/2020 03:40,1
67.51,42,23942.61,127.2,Digitized homogeneous core,0,Majuro,Marshall Islands,29/04/2020 14:10,1
43.16,28,50666.5,143.04,Robust holistic application,1,Kingstown,Saint Vincent And The Grenadines,05/03/2020 20:53,1
79.89,30,50356.06,241.38,Synergized uniform hierarchy,1,Nuku`alofa,Tonga,30/05/2020 08:35,0
84.25,31,63936.5,170.9,Pre-emptive client-driven secured line,1,Saint John's,Antigua And Barbuda,10/04/2020 06:32,0
74.18,27,69874.18,203.87,Front-line even-keeled website,0,Andorra la Vella,Andorra,20/01/2020 02:31,0
85.78,32,50038.65,232.78,Persistent fault-tolerant service-desk,0,Belmopan,Belize,20/07/2020 21:53,0
80.96,38,67866.95,225,Integrated leadingedge frame,1,Roseau,Dominica,17/01/2020 04:12,0
36.91,50,54645.2,159.69,Ameliorated coherent open architecture,0,Basseterre,Saint Kitts And Nevis,24/02/2020 07:13,1
54.47,22,46780.09,141.52,Vision-oriented bifurcated contingency,0,Pago Pago,American Samoa,26/03/2020 19:37,1
81.98,32,67432.49,212.88,Up-sized maximized model,0,Valletta,Malta,04/06/2020 09:25,0
79.6,40,73392.28,194.23,Organized global flexibility,0,Palikir,"Micronesia, Federated States Of",22/04/2020 07:48,0
57.51,37,47682.28,105.71,Re-engineered zero-defect open architecture,0,Funafuti,Tuvalu,31/03/2020 08:53,1
82.3,33,56735.83,232.21,Balanced executive definition,0,Lobamba,Swaziland,16/04/2020 08:36,0
73.21,28,51013.37,252.6,Networked logistical info-mediaries,1,Saint George's,Grenada,12/05/2020 20:57,1
79.09,30,69481.85,209.72,Optimized multimedia website,1,San Marino,San Marino,07/05/2020 21:32,0
68.47,27,67033.34,226.64,Focused coherent success,0,Al Quds,West Bank,25/06/2020 00:33,0
83.69,35,68717,192.57,Robust context-sensitive neural-net,0,Capitol Hill,Northern Mariana Islands,23/03/2020 05:27,0
83.48,30,59340.99,222.72,Intuitive zero administration adapter,1,Hagta,Guam,04/03/2020 13:47,0
43.49,46,47968.32,124.67,Synchronized full-range portal,0,Ngerulmud,Palau,14/06/2020 12:08,1
66.69,35,48758.92,108.27,Integrated encompassing support,0,Bareilly,India,11/05/2020 19:13,1
48.46,48,61230.03,132.38,Devolved human-resource circuit,1,Quang Ha,Vietnam,21/01/2020 23:33,1
42.51,30,54755.71,144.77,Grass-roots transitional flexibility,1,Kitaku,Japan,15/01/2020 19:45,1
42.83,34,54324.73,132.38,Vision-oriented methodical support,1,Jodhpur,India,23/04/2020 09:42,1
41.46,41,52177.4,128.98,Integrated impactful groupware,1,Xingcheng,China,23/05/2020 08:06,1
45.99,34,51163.14,124.61,Face-to-face methodical intranet,1,Dongtai,China,27/02/2020 15:04,1
68.72,29,66861.67,225.97,Fundamental tangible moratorium,0,Joinvile,Brazil,23/02/2020 17:37,0
63.11,32,63107.88,254.94,Balanced mobile Local Area Network,1,Yingcheng,China,17/03/2020 22:59,0
49.21,47,49206.4,115.6,Realigned 24/7 core,0,Dnipro,Ukraine,28/02/2020 03:34,1
55.77,49,55942.04,117.33,Fully-configurable high-level groupware,1,Glasgow,United Kingdom,15/03/2020 14:33,1
44.13,38,33601.84,128.48,Ameliorated discrete extranet,1,Chiba,Japan,03/03/2020 20:20,1
57.82,46,48867.36,107.56,Centralized asynchronous portal,1,Danyang,China,06/04/2020 14:16,1
72.46,42,56683.32,113.53,Enhanced tertiary utilization,0,Natal,Brazil,01/05/2020 09:23,1
61.88,45,38260.89,108.18,Balanced disintermediate conglomeration,0,Naples,Italy,30/05/2020 08:02,1
78.24,25,54106.21,199.29,Sharable value-added solution,0,Zhaodong,China,04/04/2020 11:39,0
74.61,40,71055.22,231.28,Networked impactful framework,1,Xibeijie,China,06/04/2020 23:10,0
89.18,36,46403.18,224.01,Public-key impactful neural-net,1,Kirkuk,Iraq,26/04/2020 21:45,0
44.16,41,61690.93,133.42,Innovative interactive portal,1,Huilong,China,25/05/2020 00:34,1
55.74,38,26130.93,124.34,Networked asymmetric infrastructure,1,Tongjin,"Korea, South",11/02/2020 16:45,1
88.82,38,58638.75,169.1,Assimilated discrete strategy,0,Oklahoma City,United States,30/01/2020 00:05,0
70.39,31,47357.39,261.52,Phased 5thgeneration open system,1,Toulouse,France,12/07/2020 10:56,0
59.05,53,50086.17,118.45,Upgradable logistical flexibility,1,Denizli,Turkey,23/04/2020 03:46,1
78.58,34,51772.58,250.11,Centralized user-facing service-desk,1,Dispur,India,16/04/2020 10:36,0
35.11,33,47638.3,158.03,Extended analyzing emulation,1,Coimbatore,India,11/03/2020 13:07,1
60.39,45,38987.42,108.25,Front-line methodical utilization,1,Luocheng,China,02/03/2020 15:39,1
81.56,27,51363.16,213.7,Open-source scalable protocol,1,Guwahati,India,13/07/2020 21:31,0
75.03,36,35764.49,255.57,Networked local secured line,0,Shima,China,29/05/2020 18:12,1
50.87,25,62939.5,190.41,Programmable empowering orchestration,0,Songnam,"Korea, South",10/05/2020 17:13,1
82.8,30,58776.67,223.2,Enhanced systemic benchmark,1,Solapur,India,07/05/2020 08:39,0
78.51,24,59106.12,205.71,Focused web-enabled Graphical User Interface,1,Tangier,Morocco,17/01/2020 13:27,0
37.65,50,50457.01,161.29,Automated stable help-desk,1,Anqiu,China,09/03/2020 06:22,1
83.17,43,54251.78,244.4,Managed national hardware,1,Feicheng,China,05/04/2020 18:02,0
91.37,43,51920.49,182.65,Re-engineered composite moratorium,1,Taishan,China,01/04/2020 07:37,1
68.25,28,70324.8,220.08,Phased fault-tolerant definition,0,Meishan,China,15/02/2020 16:18,0
81.32,24,52416.18,165.65,Pre-emptive next generation Internet solution,0,Kisangani,Congo (Kinshasa),08/03/2020 05:12,0
76.64,41,66217.31,241.5,Reverse-engineered web-enabled support,1,Khartoum North,Sudan,09/02/2020 23:38,0
74.06,49,60938.73,246.29,Horizontal intermediate monitoring,1,Aguascalientes,Mexico,17/06/2020 09:38,0
39.53,35,40243.82,142.21,Intuitive transitional artificial intelligence,1,Marrakech,Morocco,01/06/2020 12:27,1
86.58,34,60151.77,195.93,Business-focused asynchronous budgetary management,1,Nada,China,26/02/2020 23:44,0
90.75,42,45945.88,216.5,Decentralized methodical capability,0,Donetsk,Ukraine,11/03/2020 09:58,0
67.71,23,63430.33,225.76,Synergized intangible open system,1,Taihecun,China,28/04/2020 02:55,0
82.41,37,65882.81,222.08,Stand-alone logistical service-desk,0,Wuchuan,China,12/04/2020 04:22,0
45.82,29,64410.8,171.24,Expanded full-range synergy,1,Trujillo,Peru,10/02/2020 20:43,1
76.79,29,55677.12,235.94,Open-architected intangible strategy,0,Cebu City,Philippines,01/05/2020 23:21,0
70.05,32,75560.65,203.44,Diverse directional hardware,0,Taihe,China,24/03/2020 17:48,0
72.19,34,61067.58,250.32,Balanced discrete approach,1,Olinda,Brazil,22/04/2020 19:45,0
77.35,34,72330.57,167.26,Total bi-directional success,0,Bridgeport,United States,09/03/2020 12:10,0
40.34,31,32549.95,173.75,Object-based motivating instruction set,0,Trichinopoly,India,30/03/2020 05:29,1
67.39,44,51257.26,107.19,Realigned intermediate application,0,Xin'an,China,24/01/2020 13:41,1
68.68,36,77220.42,187.03,Sharable encompassing database,1,Padang,Indonesia,15/07/2020 09:42,0
81.75,43,52520.75,249.45,Progressive 24/7 definition,0,Qingzhou,China,07/06/2020 05:41,0
66.03,23,59422.47,217.37,Pre-emptive next generation strategy,0,Buffalo,United States,31/05/2020 23:32,0
47.74,32,22456.04,154.93,Open-source 5thgeneration leverage,1,Xinyi,China,14/05/2020 14:49,1
79.18,31,58443.99,236.96,Open-source holistic productivity,0,Lichuan,China,10/01/2020 20:18,0
86.81,31,50820.74,199.62,Multi-channeled scalable moratorium,1,Daye,China,21/02/2020 16:57,0
41.53,41,67575.12,158.81,Optional tangible productivity,0,Fort Worth,United States,23/05/2020 00:32,1
70.92,39,66522.79,249.81,Up-sized intangible circuit,1,Zhuanghe,China,21/07/2020 20:30,0
46.84,45,34903.67,123.22,Virtual homogeneous budgetary management,0,Hartford,United States,15/05/2020 18:44,1
44.4,54,43073.78,140.95,Phased zero-defect portal,1,Ad Dammam,Saudi Arabia,30/06/2020 00:43,1
52.17,44,57594.7,115.37,Optional modular throughput,1,Bucheon,"Korea, South",24/02/2020 06:17,1
81.45,32,66027.31,205.84,Triple-buffered human-resource complexity,1,Lhasa,China,30/05/2020 21:22,0
54.08,34,53012.94,111.02,Innovative cohesive pricing structure,1,Homs,Syria,02/06/2020 04:14,1
76.65,31,61117.5,238.43,Function-based executive moderator,0,Jiaozhou,China,18/04/2020 07:00,0
54.39,19,52563.22,171.9,Digitized content-based circuit,1,Merida,Mexico,29/02/2020 18:06,1
37.74,40,65773.49,190.95,Balanced uniform algorithm,0,Dengtalu,China,27/05/2020 12:45,1
69.86,23,50506.44,241.36,Triple-buffered foreground encryption,0,Zaria,Nigeria,12/01/2020 21:17,0
85.37,35,66262.59,194.56,Front-line system-worthy flexibility,1,Hubli,India,27/01/2020 17:08,0
80.99,25,35521.88,207.53,Centralized clear-thinking Graphic Interface,1,Abeokuta,Nigeria,10/06/2020 03:56,0
78.84,33,62430.55,235.29,Optimized 5thgeneration moratorium,1,Tucson,United States,09/04/2020 09:26,0
77.36,39,49597.08,115.79,Fully-configurable asynchronous firmware,0,Krasnodar,Russia,26/02/2020 06:00,1
55.46,36,42078.89,108.1,Exclusive systematic algorithm,0,Natal,Brazil,21/02/2020 23:07,1
35.66,46,46197.59,151.72,Exclusive cohesive intranet,0,Novo Hamburgo,Brazil,29/04/2020 14:08,1
50.78,50,49957,122.04,Vision-oriented asynchronous Internet solution,0,Chihuahua,Mexico,11/02/2020 17:02,1
40.47,39,24078.93,203.9,Sharable 5thgeneration access,0,Klang,Malaysia,22/07/2020 07:44,1
45.62,43,53647.81,121.28,Monitored homogeneous artificial intelligence,0,Turin,Italy,26/06/2020 02:34,1
84.76,31,61039.13,178.69,Monitored 24/7 moratorium,0,Jos,Nigeria,14/05/2020 23:08,0
80.64,28,46974.15,221.59,Vision-oriented real-time framework,0,Laiyang,China,24/05/2020 10:04,0
75.94,26,53042.51,236.96,Future-proofed stable function,1,Jalandhar,India,16/02/2020 12:05,0
37.01,48,48826.14,216.01,Secured encompassing Graphical User Interface,0,Campo Grande,Brazil,20/03/2020 02:44,1
87.18,33,58287.86,193.6,Right-sized logistical middleware,0,Sale,Morocco,31/01/2020 05:12,0
56.91,52,21773.22,146.44,Team-oriented executive core,0,Barinas,Venezuela,01/04/2020 05:17,1
75.24,25,52252.91,226.49,Vision-oriented next generation solution,0,Marseille,France,25/02/2020 16:33,0
42.84,52,27073.27,182.2,Enhanced optimizing website,1,Kaifeng Chengguanzhen,China,21/03/2020 11:02,1
67.56,47,50628.31,109.98,Reduced background data-warehouse,0,Eskisehir,Turkey,12/02/2020 05:20,1
34.96,40,36913.51,160.49,Right-sized mobile initiative,1,Gaomi,China,01/06/2020 16:10,1
87.46,37,61009.1,211.56,Synergized grid-enabled framework,1,Ipoh,Malaysia,16/06/2020 03:17,0
41.86,39,53041.77,128.62,Open-source stable paradigm,1,Hai'an,China,26/03/2020 15:28,1
34.04,33,40182.84,174.88,Reverse-engineered context-sensitive emulation,1,Liverpool,United Kingdom,16/02/2020 07:37,1
54.96,40,59419.78,113.75,Public-key disintermediate emulation,1,Zamboanga City,Philippines,28/02/2020 09:31,1
87.14,32,58235.21,199.4,Up-sized bifurcated capability,1,Oran,Algeria,18/05/2020 01:00,0
78.79,34,68324.48,215.29,Stand-alone background open system,1,Southampton,United Kingdom,21/02/2020 13:11,0
65.56,23,69646.35,181.25,Stand-alone explicit orchestration,1,Weichanglu,China,05/01/2020 12:59,0
81.05,35,54045.39,245.5,Configurable asynchronous application,0,Pekanbaru,Indonesia,18/05/2020 00:07,0
55.71,38,57806.03,112.52,Upgradable 4thgeneration portal,1,Portsmouth,United Kingdom,06/03/2020 23:26,1
45.48,49,53336.76,129.16,Networked client-server solution,1,Leping,China,19/05/2020 04:23,1
47,55,50491.45,149.53,Public-key bi-directional Graphical User Interface,0,Erbil,Iraq,29/04/2020 20:40,1
59.64,50,71455.62,153.12,Re-contextualized human-resource success,1,Kermanshah,Iran,03/05/2020 01:09,1
35.98,44,43241.88,150.79,Front-line fresh-thinking installation,0,Hailun,China,27/06/2020 21:51,1
72.55,22,58953.01,202.34,Balanced empowering success,0,Yangchun,China,08/02/2020 07:33,0
91.15,38,36834.04,184.98,Robust uniform framework,0,Macheng,China,22/02/2020 07:04,0
80.53,31,66345.1,187.64,Sharable upward-trending support,0,Ilorin,Nigeria,21/03/2020 08:13,0
82.49,47,38645.4,130.84,Assimilated multi-state paradigm,0,Teresina,Brazil,31/05/2020 00:58,1
80.94,36,60803,239.94,Self-enabling local strategy,0,Omaha,United States,01/01/2020 05:31,0
61.76,34,33553.9,114.69,Open-source local approach,0,Yuci,China,27/05/2020 08:53,1
63.3,37,63071.34,116.19,Polarized intangible encoding,0,Saratov,Russia,09/05/2020 07:13,1
36.73,33,46737.34,149.79,Multi-lateral attitude-oriented adapter,1,Iguacu,Brazil,27/06/2020 01:56,1
78.41,35,55368.67,248.23,Multi-lateral 24/7 Internet solution,1,El Paso,United States,03/06/2020 04:51,0
83.98,37,68305.91,194.62,Profit-focused secondary portal,0,Denpasar,Indonesia,24/02/2020 00:44,0
63.18,46,39211.49,107.92,Reactive upward-trending migration,0,Dehui,China,05/03/2020 12:03,1
50.6,48,65956.71,135.67,Customer-focused fault-tolerant implementation,0,Naucalpan de Juarez,Mexico,15/01/2020 22:49,1
32.6,37,40159.2,190.05,Customizable homogeneous contingency,0,Bhubaneshwar,India,12/02/2020 03:39,1
60.83,17,40478.83,185.46,Versatile next generation pricing structure,1,Tongchuan,China,19/02/2020 20:49,0
44.72,46,40468.53,123.86,Cross-group systemic customer loyalty,1,Cheongju,"Korea, South",12/03/2020 02:48,1
78.76,51,66980.27,162.05,Face-to-face modular budgetary management,0,Warri,Nigeria,23/07/2020 04:04,1
79.51,38,34942.26,125.11,Proactive non-volatile encryption,1,Pointe-Noire,Congo (Brazzaville),06/03/2020 09:33,1
39.3,33,48335.2,145.73,Decentralized bottom-line help-desk,0,Rongjiawan,China,24/02/2020 04:11,1
64.79,30,42251.59,116.07,Visionary mission-critical application,0,San Luis Potosi,Mexico,17/02/2020 20:22,1
89.8,37,57330.43,198.24,User-centric attitude-oriented adapter,0,Butterworth,Malaysia,02/02/2020 04:57,0
72.82,36,75769.82,191.82,User-centric discrete success,1,Bhayandar,India,27/01/2020 16:06,0
38.65,30,51812.71,154.77,Total even-keeled architecture,1,Renqiu,China,24/05/2020 09:50,1
59.01,29,75265.96,178.75,Focused multimedia implementation,1,Toluca,Mexico,08/02/2020 22:45,1
78.96,49,69868.48,193.15,Stand-alone well-modulated product,0,Honolulu,United States,12/02/2020 01:55,1
63.99,44,72802.42,138.46,Ameliorated bandwidth-monitored contingency,0,Queretaro,Mexico,11/01/2020 08:18,1
41.35,29,39193.45,162.46,Streamlined homogeneous analyzer,1,Xindi,China,03/03/2020 03:51,1
62.79,36,18368.57,231.87,Total coherent archive,1,Wu'an,China,30/05/2020 20:08,1
45.53,29,56129.89,141.58,Front-line neutral alliance,0,Sao Bernardo do Campo,Brazil,22/04/2020 22:01,1
51.65,33,58996.56,249.99,Virtual context-sensitive support,0,Hermosillo,Mexico,25/05/2020 10:39,0
54.55,44,41547.62,109.04,Re-engineered optimal policy,0,Wutong,China,04/02/2020 03:10,1
35.66,37,59240.24,172.57,Implemented uniform synergy,0,Taguig City,Philippines,21/02/2020 20:09,1
69.95,27,56725.47,247.01,Horizontal even-keeled challenge,0,Saltillo,Mexico,28/04/2020 01:24,0
79.83,31,55764.43,234.23,Innovative regional groupware,1,Gaoyou,China,18/05/2020 19:33,0
85.35,38,64235.51,161.42,Exclusive multi-state Internet solution,1,Hejian,China,17/02/2020 11:15,0
56.78,26,39939.39,124.32,Mandatory empowering focus group,0,Yiyang,China,19/06/2020 23:04,1
78.67,27,63319.99,195.56,Proactive 5thgeneration frame,0,Puxi,China,20/02/2020 09:54,0
70.09,20,54725.87,211.17,Automated full-range Internet solution,0,Zijinglu,China,22/01/2020 12:58,0
60.75,40,69775.75,247.05,Fully-configurable systemic productivity,1,Xiashi,China,19/02/2020 13:26,0
65.07,26,57545.56,233.85,Multi-lateral multi-state encryption,0,Trabzon,Turkey,03/01/2020 07:13,0
35.25,51,47051.02,194.44,Intuitive global website,0,Joao Pessoa,Brazil,03/01/2020 04:39,1
37.58,54,51600.47,176.7,Exclusive disintermediate Internet solution,1,Dongyang,China,13/04/2020 13:04,1
68.01,26,68357.96,188.32,Ameliorated actuating workforce,1,McAllen,United States,01/01/2020 03:35,0
45.08,40,35349.26,125.27,Synergized clear-thinking protocol,0,Valencia,Spain,27/03/2020 08:32,1
63.04,26,69784.85,159.05,Triple-buffered multi-state complexity,0,Qingping,China,10/07/2020 16:25,1
40.18,30,50760.23,151.96,Enhanced intangible portal,0,Niigata,Japan,25/06/2020 04:21,1
45.17,49,34418.09,132.07,Down-sized background groupware,1,Hamamatsu,Japan,27/01/2020 14:41,1
50.48,52,20592.99,162.43,Switchable real-time product,0,Morelia,Mexico,16/05/2020 18:51,1
80.87,30,63528.8,203.3,Ameliorated local workforce,0,Pasig City,Philippines,27/02/2020 20:20,0
41.88,40,44217.68,126.11,Streamlined exuding adapter,1,Moradabad,India,28/02/2020 23:54,1
39.87,46,47929.83,139.34,Business-focused user-facing benchmark,1,Culiacan,Mexico,13/06/2020 06:11,1
61.84,44,46024.29,105.63,Reactive bi-directional standardization,1,Xiangxiang,China,05/05/2020 11:07,1
54.97,31,51900.03,116.38,Virtual bifurcated portal,1,Malang,Indonesia,07/07/2020 12:17,1
71.4,30,72188.9,166.31,Integrated 3rdgeneration monitoring,0,Xingyi,China,24/05/2020 17:07,0
70.29,33,56974.51,254.65,Balanced responsive open system,1,Chaohucun,China,30/03/2020 14:36,0
67.26,58,25682.65,168.41,Focused incremental Graphic Interface,1,Fuyang,China,27/05/2020 05:54,1
76.58,45,41884.64,258.26,Secured 24hour policy,0,Antipolo,Philippines,03/01/2020 16:30,0
54.37,39,72196.29,140.77,Up-sized asymmetric firmware,0,Nottingham,United Kingdom,25/06/2020 18:17,1
82.79,32,54429.17,234.81,Distributed fault-tolerant service-desk,1,Cencheng,China,24/02/2020 10:36,0
66.47,29,58037.66,256.39,Vision-oriented human-resource synergy,1,Krakow,Poland,03/03/2020 03:13,0
72.88,42,64011.26,125.12,Customer-focused explicit challenge,0,Hempstead,United States,21/04/2020 19:56,1
76.44,26,59967.19,232.68,Synchronized human-resource moderator,1,Erzurum,Turkey,06/04/2020 17:26,0
63.37,41,43155.19,105.04,Open-architected full-range projection,1,Al `Ayn,United Arab Emirates,23/03/2020 12:53,1
89.71,47,51501.38,204.4,Versatile local forecast,1,Songzi,China,17/02/2020 07:00,0
70.96,32,55187.85,256.4,Ameliorated user-facing help-desk,0,Laixi,China,26/06/2020 07:01,0
35.79,44,33813.08,165.62,Enterprise-wide tangible model,1,Zhongba,China,20/04/2020 13:36,1
38.96,39,36497.22,140.67,Versatile mission-critical application,1,Qingnian,China,21/07/2020 16:02,1
69.17,41,66193.81,123.62,Extended leadingedge solution,0,Albuquerque,United States,06/03/2020 11:36,1
64.2,29,66200.96,227.63,Phased zero tolerance extranet,1,Kaduna,Nigeria,11/02/2020 23:45,0
43.7,30,63126.96,173.01,Front-line bifurcated ability,0,Tlalnepantla,Mexico,04/04/2020 03:57,1
72.97,32,71384.57,208.58,Fundamental modular algorithm,1,Xinhualu,China,11/02/2020 21:49,1
51.3,46,67782.17,134.42,Grass-roots cohesive monitoring,1,Guangshui,China,22/04/2020 02:07,1
51.63,51,42415.72,120.37,Expanded intangible solution,1,Frankfurt,Germany,01/02/2020 17:24,1
55.55,21,41920.79,187.95,Proactive bandwidth-monitored policy,0,Changhua,Taiwan,24/03/2020 02:35,0
45.01,25,29875.8,178.35,Virtual 5thgeneration emulation,0,Samarinda,Indonesia,03/06/2020 21:43,1
